#usda 1.0
(
    defaultPrim = "Terrain"
    metersPerUnit = 1
    upAxis = "Z"
)

def Xform "Terrain" (
    kind = "component"
)
{
    def Mesh "Ground"
    {
        point3f[] points = [(-110.000, -70.000, 35.641), (-107.000, -70.000, 36.933), (-104.000, -70.000, 36.788), (-101.000, -70.000, 35.171), (-98.000, -70.000, 32.468), (-95.000, -70.000, 29.360), (-92.000, -70.000, 26.629), (-89.000, -70.000, 24.916), (-86.000, -70.000, 24.541), (-83.000, -70.000, 25.434), (-80.000, -70.000, 27.189), (-77.000, -70.000, 29.234), (-74.000, -70.000, 31.035), (-71.000, -70.000, 32.284), (-68.000, -70.000, 32.984), (-65.000, -70.000, 33.418), (-62.000, -70.000, 34.007), (-59.000, -70.000, 35.121), (-56.000, -70.000, 36.898), (-53.000, -70.000, 39.159), (-50.000, -70.000, 41.430), (-47.000, -70.000, 43.093), (-44.000, -70.000, 43.590), (-41.000, -70.000, 42.627), (-38.000, -70.000, 40.298), (-35.000, -70.000, 37.086), (-32.000, -70.000, 33.732), (-29.000, -70.000, 31.022), (-26.000, -70.000, 29.553), (-23.000, -70.000, 29.559), (-20.000, -70.000, 30.856), (-17.000, -70.000, 32.920), (-14.000, -70.000, 35.063), (-11.000, -70.000, 36.665), (-8.000, -70.000, 37.359), (-5.000, -70.000, 37.125), (-2.000, -70.000, 36.256), (1.000, -70.000, 35.218), (4.000, -70.000, 34.451), (7.000, -70.000, 34.190), (10.000, -70.000, 34.369), (13.000, -70.000, 34.646), (16.000, -70.000, 34.537), (19.000, -70.000, 33.611), (22.000, -70.000, 31.682), (25.000, -70.000, 28.916), (28.000, -70.000, 25.819), (31.000, -70.000, 23.102), (34.000, -70.000, 21.470), (37.000, -70.000, 21.395), (40.000, -70.000, 22.963), (43.000, -70.000, 25.837), (46.000, -70.000, 29.356), (49.000, -70.000, 32.730), (52.000, -70.000, 35.279), (55.000, -70.000, 36.624), (58.000, -70.000, 36.772), (61.000, -70.000, 36.078), (64.000, -70.000, 35.087), (67.000, -70.000, 34.328), (70.000, -70.000, 34.125), (73.000, -70.000, 34.494), (76.000, -70.000, 35.159), (79.000, -70.000, 35.685), (82.000, -70.000, 35.666), (85.000, -70.000, 34.908), (88.000, -70.000, 33.535), (91.000, -70.000, 31.972), (94.000, -70.000, 30.816), (97.000, -70.000, 30.635), (100.000, -70.000, 31.754), (103.000, -70.000, 34.123), (106.000, -70.000, 37.300), (109.000, -70.000, 40.565), (-110.000, -67.000, 32.870), (-107.000, -67.000, 34.251), (-104.000, -67.000, 34.461), (-101.000, -67.000, 33.255), (-98.000, -67.000, 30.798), (-95.000, -67.000, 27.632), (-92.000, -67.000, 24.524), (-89.000, -67.000, 22.243), (-86.000, -67.000, 21.330), (-83.000, -67.000, 21.950), (-80.000, -67.000, 23.856), (-77.000, -67.000, 26.494), (-74.000, -67.000, 29.197), (-71.000, -67.000, 31.402), (-68.000, -67.000, 32.820), (-65.000, -67.000, 33.502), (-62.000, -67.000, 33.770), (-59.000, -67.000, 34.064), (-56.000, -67.000, 34.740), (-53.000, -67.000, 35.914), (-50.000, -67.000, 37.389), (-47.000, -67.000, 38.719), (-44.000, -67.000, 39.365), (-41.000, -67.000, 38.899), (-38.000, -67.000, 37.185), (-35.000, -67.000, 34.466), (-32.000, -67.000, 31.317), (-29.000, -67.000, 28.493), (-26.000, -67.000, 26.697), (-23.000, -67.000, 26.366), (-20.000, -67.000, 27.533), (-17.000, -67.000, 29.820), (-14.000, -67.000, 32.554), (-11.000, -67.000, 34.984), (-8.000, -67.000, 36.503), (-5.000, -67.000, 36.827), (-2.000, -67.000, 36.046), (1.000, -67.000, 34.563), (4.000, -67.000, 32.919), (7.000, -67.000, 31.587), (10.000, -67.000, 30.804), (13.000, -67.000, 30.499), (16.000, -67.000, 30.339), (19.000, -67.000, 29.884), (22.000, -67.000, 28.780), (25.000, -67.000, 26.930), (28.000, -67.000, 24.573), (31.000, -67.000, 22.236), (34.000, -67.000, 20.578), (37.000, -67.000, 20.174), (40.000, -67.000, 21.313), (43.000, -67.000, 23.880), (46.000, -67.000, 27.370), (49.000, -67.000, 31.025), (52.000, -67.000, 34.054), (55.000, -67.000, 35.866), (58.000, -67.000, 36.232), (61.000, -67.000, 35.337), (64.000, -67.000, 33.688), (67.000, -67.000, 31.934), (70.000, -67.000, 30.643), (73.000, -67.000, 30.126), (76.000, -67.000, 30.354), (79.000, -67.000, 31.014), (82.000, -67.000, 31.651), (85.000, -67.000, 31.872), (88.000, -67.000, 31.511), (91.000, -67.000, 30.711), (94.000, -67.000, 29.882), (97.000, -67.000, 29.554), (100.000, -67.000, 30.171), (103.000, -67.000, 31.905), (106.000, -67.000, 34.559), (109.000, -67.000, 37.591), (-110.000, -64.000, 29.855), (-107.000, -64.000, 31.043), (-104.000, -64.000, 31.479), (-101.000, -64.000, 30.764), (-98.000, -64.000, 28.829), (-95.000, -64.000, 25.994), (-92.000, -64.000, 22.900), (-89.000, -64.000, 20.327), (-86.000, -64.000, 18.957), (-83.000, -64.000, 19.173), (-80.000, -64.000, 20.942), (-77.000, -64.000, 23.829), (-74.000, -64.000, 27.146), (-71.000, -64.000, 30.162), (-68.000, -64.000, 32.331), (-65.000, -64.000, 33.435), (-62.000, -64.000, 33.615), (-59.000, -64.000, 33.279), (-56.000, -64.000, 32.917), (-53.000, -64.000, 32.904), (-50.000, -64.000, 33.351), (-47.000, -64.000, 34.066), (-44.000, -64.000, 34.635), (-41.000, -64.000, 34.589), (-38.000, -64.000, 33.609), (-35.000, -64.000, 31.674), (-32.000, -64.000, 29.116), (-29.000, -64.000, 26.538), (-26.000, -64.000, 24.639), (-23.000, -64.000, 23.988), (-20.000, -64.000, 24.831), (-17.000, -64.000, 26.997), (-14.000, -64.000, 29.938), (-11.000, -64.000, 32.888), (-8.000, -64.000, 35.092), (-5.000, -64.000, 36.028), (-2.000, -64.000, 35.548), (1.000, -64.000, 33.904), (4.000, -64.000, 31.628), (7.000, -64.000, 29.347), (10.000, -64.000, 27.562), (13.000, -64.000, 26.498), (16.000, -64.000, 26.054), (19.000, -64.000, 25.880), (22.000, -64.000, 25.544), (25.000, -64.000, 24.728), (28.000, -64.000, 23.380), (31.000, -64.000, 21.762), (34.000, -64.000, 20.377), (37.000, -64.000, 19.796), (40.000, -64.000, 20.451), (43.000, -64.000, 22.454), (46.000, -64.000, 25.530), (49.000, -64.000, 29.063), (52.000, -64.000, 32.272), (55.000, -64.000, 34.437), (58.000, -64.000, 35.119), (61.000, -64.000, 34.286), (64.000, -64.000, 32.313), (67.000, -64.000, 29.855), (70.000, -64.000, 27.631), (73.000, -64.000, 26.207), (76.000, -64.000, 25.829), (79.000, -64.000, 26.381), (82.000, -64.000, 27.465), (85.000, -64.000, 28.575), (88.000, -64.000, 29.298), (91.000, -64.000, 29.474), (94.000, -64.000, 29.249), (97.000, -64.000, 29.009), (100.000, -64.000, 29.219), (103.000, -64.000, 30.222), (106.000, -64.000, 32.079), (109.000, -64.000, 34.500), (-110.000, -61.000, 26.825), (-107.000, -61.000, 27.525), (-104.000, -61.000, 27.977), (-101.000, -61.000, 27.712), (-98.000, -61.000, 26.458), (-95.000, -61.000, 24.280), (-92.000, -61.000, 21.598), (-89.000, -61.000, 19.080), (-86.000, -61.000, 17.447), (-83.000, -61.000, 17.242), (-80.000, -61.000, 18.650), (-77.000, -61.000, 21.433), (-74.000, -61.000, 24.990), (-71.000, -61.000, 28.540), (-68.000, -61.000, 31.353), (-65.000, -61.000, 32.959), (-62.000, -61.000, 33.267), (-59.000, -61.000, 32.559), (-56.000, -61.000, 31.354), (-53.000, -61.000, 30.212), (-50.000, -61.000, 29.529), (-47.000, -61.000, 29.410), (-44.000, -61.000, 29.653), (-41.000, -61.000, 29.856), (-38.000, -61.000, 29.592), (-35.000, -61.000, 28.608), (-32.000, -61.000, 26.947), (-29.000, -61.000, 24.974), (-26.000, -61.000, 23.267), (-23.000, -61.000, 22.425), (-20.000, -61.000, 22.858), (-17.000, -61.000, 24.625), (-14.000, -61.000, 27.383), (-11.000, -61.000, 30.469), (-8.000, -61.000, 33.094), (-5.000, -61.000, 34.571), (-2.000, -61.000, 34.526), (1.000, -61.000, 32.998), (4.000, -61.000, 30.415), (7.000, -61.000, 27.442), (10.000, -61.000, 24.767), (13.000, -61.000, 22.887), (16.000, -61.000, 21.971), (19.000, -61.000, 21.848), (22.000, -61.000, 22.110), (25.000, -61.000, 22.296), (28.000, -61.000, 22.091), (31.000, -61.000, 21.452), (34.000, -61.000, 20.636), (37.000, -61.000, 20.105), (40.000, -61.000, 20.340), (43.000, -61.000, 21.643), (46.000, -61.000, 23.993), (49.000, -61.000, 27.005), (52.000, -61.000, 30.025), (55.000, -61.000, 32.320), (58.000, -61.000, 33.302), (61.000, -61.000, 32.725), (64.000, -61.000, 30.764), (67.000, -61.000, 27.970), (70.000, -61.000, 25.100), (73.000, -61.000, 22.890), (76.000, -61.000, 21.839), (79.000, -61.000, 22.071), (82.000, -61.000, 23.335), (85.000, -61.000, 25.118), (88.000, -61.000, 26.843), (91.000, -61.000, 28.072), (94.000, -61.000, 28.654), (97.000, -61.000, 28.748), (100.000, -61.000, 28.735), (103.000, -61.000, 29.045), (106.000, -61.000, 29.961), (109.000, -61.000, 31.477), (-110.000, -58.000, 23.992), (-107.000, -58.000, 23.957), (-104.000, -58.000, 24.177), (-101.000, -58.000, 24.215), (-98.000, -58.000, 23.669), (-95.000, -58.000, 22.359), (-92.000, -58.000, 20.429), (-89.000, -58.000, 18.337), (-86.000, -58.000, 16.720), (-83.000, -58.000, 16.189), (-80.000, -58.000, 17.115), (-77.000, -58.000, 19.487), (-74.000, -58.000, 22.886), (-71.000, -58.000, 26.598), (-68.000, -58.000, 29.818), (-65.000, -58.000, 31.885), (-62.000, -58.000, 32.471), (-59.000, -58.000, 31.663), (-56.000, -58.000, 29.905), (-53.000, -58.000, 27.837), (-50.000, -58.000, 26.074), (-47.000, -58.000, 25.012), (-44.000, -58.000, 24.715), (-41.000, -58.000, 24.939), (-38.000, -58.000, 25.254), (-35.000, -58.000, 25.237), (-32.000, -58.000, 24.660), (-29.000, -58.000, 23.589), (-26.000, -58.000, 22.384), (-23.000, -58.000, 21.566), (-20.000, -58.000, 21.625), (-17.000, -58.000, 22.822), (-14.000, -58.000, 25.060), (-11.000, -58.000, 27.880), (-8.000, -58.000, 30.576), (-5.000, -58.000, 32.405), (-2.000, -58.000, 32.817), (1.000, -58.000, 31.628), (4.000, -58.000, 29.080), (7.000, -58.000, 25.768), (10.000, -58.000, 22.454), (13.000, -58.000, 19.839), (16.000, -58.000, 18.356), (19.000, -58.000, 18.067), (22.000, -58.000, 18.684), (25.000, -58.000, 19.706), (28.000, -58.000, 20.620), (31.000, -58.000, 21.094), (34.000, -58.000, 21.090), (37.000, -58.000, 20.863), (40.000, -58.000, 20.840), (43.000, -58.000, 21.438), (46.000, -58.000, 22.869), (49.000, -58.000, 25.027), (52.000, -58.000, 27.483), (55.000, -58.000, 29.606), (58.000, -58.000, 30.760), (61.000, -58.000, 30.528), (64.000, -58.000, 28.859), (67.000, -58.000, 26.115), (70.000, -58.000, 22.973), (73.000, -58.000, 20.229), (76.000, -58.000, 18.563), (79.000, -58.000, 18.341), (82.000, -58.000, 19.516), (85.000, -58.000, 21.673), (88.000, -58.000, 24.173), (91.000, -58.000, 26.381), (94.000, -58.000, 27.857), (97.000, -58.000, 28.489), (100.000, -58.000, 28.483), (103.000, -58.000, 28.252), (106.000, -58.000, 28.229), (109.000, -58.000, 28.675), (-110.000, -55.000, 21.518), (-107.000, -55.000, 20.597), (-104.000, -55.000, 20.352), (-101.000, -55.000, 20.479), (-98.000, -55.000, 20.541), (-95.000, -55.000, 20.168), (-92.000, -55.000, 19.223), (-89.000, -55.000, 17.884), (-86.000, -55.000, 16.599), (-83.000, -55.000, 15.937), (-80.000, -55.000, 16.378), (-77.000, -55.000, 18.128), (-74.000, -55.000, 21.005), (-71.000, -55.000, 24.469), (-68.000, -55.000, 27.760), (-65.000, -55.000, 30.123), (-62.000, -55.000, 31.034), (-59.000, -55.000, 30.358), (-56.000, -55.000, 28.377), (-53.000, -55.000, 25.699), (-50.000, -55.000, 23.056), (-47.000, -55.000, 21.078), (-44.000, -55.000, 20.107), (-41.000, -55.000, 20.124), (-38.000, -55.000, 20.793), (-35.000, -55.000, 21.621), (-32.000, -55.000, 22.160), (-29.000, -55.000, 22.178), (-26.000, -55.000, 21.748), (-23.000, -55.000, 21.211), (-20.000, -55.000, 21.036), (-17.000, -55.000, 21.619), (-14.000, -55.000, 23.106), (-11.000, -55.000, 25.300), (-8.000, -55.000, 27.688), (-5.000, -55.000, 29.587), (-2.000, -55.000, 30.362), (1.000, -55.000, 29.636), (4.000, -55.000, 27.428), (7.000, -55.000, 24.166), (10.000, -55.000, 20.571), (13.000, -55.000, 17.439), (16.000, -55.000, 15.414), (19.000, -55.000, 14.805), (22.000, -55.000, 15.513), (25.000, -55.000, 17.103), (28.000, -55.000, 18.965), (31.000, -55.000, 20.536), (34.000, -55.000, 21.480), (37.000, -55.000, 21.784), (40.000, -55.000, 21.726), (43.000, -55.000, 21.735), (46.000, -55.000, 22.198), (49.000, -55.000, 23.284), (52.000, -55.000, 24.852), (55.000, -55.000, 26.474), (58.000, -55.000, 27.582), (61.000, -55.000, 27.665), (64.000, -55.000, 26.470), (67.000, -55.000, 24.121), (70.000, -55.000, 21.112), (73.000, -55.000, 18.180), (76.000, -55.000, 16.084), (79.000, -55.000, 15.379), (82.000, -55.000, 16.248), (85.000, -55.000, 18.449), (88.000, -55.000, 21.398), (91.000, -55.000, 24.362), (94.000, -55.000, 26.680), (97.000, -55.000, 27.963), (100.000, -55.000, 28.184), (103.000, -55.000, 27.642), (106.000, -55.000, 26.820), (109.000, -55.000, 26.184), (-110.000, -52.000, 19.486), (-107.000, -52.000, 17.660), (-104.000, -52.000, 16.787), (-101.000, -52.000, 16.770), (-98.000, -52.000, 17.242), (-95.000, -52.000, 17.730), (-92.000, -52.000, 17.859), (-89.000, -52.000, 17.504), (-86.000, -52.000, 16.847), (-83.000, -52.000, 16.305), (-80.000, -52.000, 16.373), (-77.000, -52.000, 17.413), (-74.000, -52.000, 19.495), (-71.000, -52.000, 22.323), (-68.000, -52.000, 25.299), (-65.000, -52.000, 27.692), (-62.000, -52.000, 28.859), (-59.000, -52.000, 28.461), (-56.000, -52.000, 26.569), (-53.000, -52.000, 23.656), (-50.000, -52.000, 20.453), (-47.000, -52.000, 17.731), (-44.000, -52.000, 16.069), (-41.000, -52.000, 15.698), (-38.000, -52.000, 16.462), (-35.000, -52.000, 17.900), (-32.000, -52.000, 19.434), (-29.000, -52.000, 20.580), (-26.000, -52.000, 21.105), (-23.000, -52.000, 21.098), (-20.000, -52.000, 20.901), (-17.000, -52.000, 20.952), (-14.000, -52.000, 21.592), (-11.000, -52.000, 22.900), (-8.000, -52.000, 24.630), (-5.000, -52.000, 26.271), (-2.000, -52.000, 27.214), (1.000, -52.000, 26.958), (4.000, -52.000, 25.307), (7.000, -52.000, 22.463), (10.000, -52.000, 18.992), (13.000, -52.000, 15.670), (16.000, -52.000, 13.258), (19.000, -52.000, 12.273), (22.000, -52.000, 12.845), (25.000, -52.000, 14.687), (28.000, -52.000, 17.207), (31.000, -52.000, 19.704), (34.000, -52.000, 21.594), (37.000, -52.000, 22.580), (40.000, -52.000, 22.715), (43.000, -52.000, 22.342), (46.000, -52.000, 21.930), (49.000, -52.000, 21.874), (52.000, -52.000, 22.333), (55.000, -52.000, 23.160), (58.000, -52.000, 23.954), (61.000, -52.000, 24.216), (64.000, -52.000, 23.553), (67.000, -52.000, 21.848), (70.000, -52.000, 19.348), (73.000, -52.000, 16.615), (76.000, -52.000, 14.371), (79.000, -52.000, 13.277), (82.000, -52.000, 13.714), (85.000, -52.000, 15.660), (88.000, -52.000, 18.681), (91.000, -52.000, 22.065), (94.000, -52.000, 25.029), (97.000, -52.000, 26.956), (100.000, -52.000, 27.565), (103.000, -52.000, 26.966), (106.000, -52.000, 25.590), (109.000, -52.000, 24.010), (-110.000, -49.000, 17.892), (-107.000, -49.000, 15.287), (-104.000, -49.000, 13.728), (-101.000, -49.000, 13.372), (-98.000, -49.000, 14.004), (-95.000, -49.000, 15.155), (-92.000, -49.000, 16.291), (-89.000, -49.000, 17.015), (-86.000, -49.000, 17.204), (-83.000, -49.000, 17.044), (-80.000, -49.000, 16.931), (-77.000, -49.000, 17.305), (-74.000, -49.000, 18.444), (-71.000, -49.000, 20.333), (-68.000, -49.000, 22.620), (-65.000, -49.000, 24.712), (-62.000, -49.000, 25.959), (-59.000, -49.000, 25.875), (-56.000, -49.000, 24.313), (-53.000, -49.000, 21.538), (-50.000, -49.000, 18.168), (-47.000, -49.000, 14.995), (-44.000, -49.000, 12.755), (-41.000, -49.000, 11.911), (-38.000, -49.000, 12.527), (-35.000, -49.000, 14.274), (-32.000, -49.000, 16.554), (-29.000, -49.000, 18.710), (-26.000, -49.000, 20.241), (-23.000, -49.000, 20.947), (-20.000, -49.000, 20.961), (-17.000, -49.000, 20.664), (-14.000, -49.000, 20.503), (-11.000, -49.000, 20.802), (-8.000, -49.000, 21.611), (-5.000, -49.000, 22.679), (-2.000, -49.000, 23.528), (1.000, -49.000, 23.637), (4.000, -49.000, 22.642), (7.000, -49.000, 20.502), (10.000, -49.000, 17.551), (13.000, -49.000, 14.427), (16.000, -49.000, 11.891), (19.000, -49.000, 10.595), (22.000, -49.000, 10.881), (25.000, -49.000, 12.670), (28.000, -49.000, 15.488), (31.000, -49.000, 18.614), (34.000, -49.000, 21.303), (37.000, -49.000, 23.004), (40.000, -49.000, 23.516), (43.000, -49.000, 23.010), (46.000, -49.000, 21.931), (49.000, -49.000, 20.817), (52.000, -49.000, 20.091), (55.000, -49.000, 19.912), (58.000, -49.000, 20.130), (61.000, -49.000, 20.362), (64.000, -49.000, 20.164), (67.000, -49.000, 19.224), (70.000, -49.000, 17.517), (73.000, -49.000, 15.353), (76.000, -49.000, 13.301), (79.000, -49.000, 12.014), (82.000, -49.000, 12.009), (85.000, -49.000, 13.479), (88.000, -49.000, 16.208), (91.000, -49.000, 19.613), (94.000, -49.000, 22.910), (97.000, -49.000, 25.342), (100.000, -49.000, 26.401), (103.000, -49.000, 25.972), (106.000, -49.000, 24.340), (109.000, -49.000, 22.079), (-110.000, -46.000, 16.648), (-107.000, -46.000, 13.522), (-104.000, -46.000, 11.353), (-101.000, -46.000, 10.540), (-98.000, -46.000, 11.084), (-95.000, -46.000, 12.620), (-92.000, -46.000, 14.558), (-89.000, -46.000, 16.299), (-86.000, -46.000, 17.435), (-83.000, -46.000, 17.866), (-80.000, -46.000, 17.807), (-77.000, -46.000, 17.665), (-74.000, -46.000, 17.860), (-71.000, -46.000, 18.632), (-68.000, -46.000, 19.926), (-65.000, -46.000, 21.382), (-62.000, -46.000, 22.456), (-59.000, -46.000, 22.607), (-56.000, -46.000, 21.507), (-53.000, -46.000, 19.184), (-50.000, -46.000, 16.050), (-47.000, -46.000, 12.801), (-44.000, -46.000, 10.217), (-41.000, -46.000, 8.929), (-38.000, -46.000, 9.226), (-35.000, -46.000, 10.973), (-32.000, -46.000, 13.660), (-29.000, -46.000, 16.572), (-26.000, -46.000, 19.010), (-23.000, -46.000, 20.504), (-20.000, -46.000, 20.933), (-17.000, -46.000, 20.525), (-14.000, -46.000, 19.736), (-11.000, -46.000, 19.055), (-8.000, -46.000, 18.814), (-5.000, -46.000, 19.060), (-2.000, -46.000, 19.542), (1.000, -46.000, 19.823), (4.000, -46.000, 19.456), (7.000, -46.000, 18.187), (10.000, -46.000, 16.080), (13.000, -46.000, 13.542), (16.000, -46.000, 11.216), (19.000, -46.000, 9.784), (22.000, -46.000, 9.743), (25.000, -46.000, 11.236), (28.000, -46.000, 13.984), (31.000, -46.000, 17.359), (34.000, -46.000, 20.568), (37.000, -46.000, 22.887), (40.000, -46.000, 23.870), (43.000, -46.000, 23.466), (46.000, -46.000, 22.001), (49.000, -46.000, 20.048), (52.000, -46.000, 18.218), (55.000, -46.000, 16.952), (58.000, -46.000, 16.390), (61.000, -46.000, 16.355), (64.000, -46.000, 16.454), (67.000, -46.000, 16.260), (70.000, -46.000, 15.502), (73.000, -46.000, 14.198), (76.000, -46.000, 12.674), (79.000, -46.000, 11.463), (82.000, -46.000, 11.119), (85.000, -46.000, 12.006), (88.000, -46.000, 14.147), (91.000, -46.000, 17.174), (94.000, -46.000, 20.418), (97.000, -46.000, 23.098), (100.000, -46.000, 24.552), (103.000, -46.000, 24.442), (106.000, -46.000, 22.852), (109.000, -46.000, 20.250), (-110.000, -43.000, 15.606), (-107.000, -43.000, 12.316), (-104.000, -43.000, 9.737), (-101.000, -43.000, 8.464), (-98.000, -43.000, 8.729), (-95.000, -43.000, 10.343), (-92.000, -43.000, 12.773), (-89.000, -43.000, 15.324), (-86.000, -43.000, 17.360), (-83.000, -43.000, 18.500), (-80.000, -43.000, 18.712), (-77.000, -43.000, 18.278), (-74.000, -43.000, 17.658), (-71.000, -43.000, 17.289), (-68.000, -43.000, 17.405), (-65.000, -43.000, 17.943), (-62.000, -43.000, 18.561), (-59.000, -43.000, 18.773), (-56.000, -43.000, 18.144), (-53.000, -43.000, 16.479), (-50.000, -43.000, 13.935), (-47.000, -43.000, 11.009), (-44.000, -43.000, 8.403), (-41.000, -43.000, 6.818), (-38.000, -43.000, 6.725), (-35.000, -43.000, 8.210), (-32.000, -43.000, 10.937), (-29.000, -43.000, 14.249), (-26.000, -43.000, 17.357), (-23.000, -43.000, 19.583), (-20.000, -43.000, 20.551), (-17.000, -43.000, 20.273), (-14.000, -43.000, 19.112), (-11.000, -43.000, 17.626), (-8.000, -43.000, 16.357), (-5.000, -43.000, 15.649), (-2.000, -43.000, 15.533), (1.000, -43.000, 15.748), (4.000, -43.000, 15.871), (7.000, -43.000, 15.499), (10.000, -43.000, 14.442), (13.000, -43.000, 12.819), (16.000, -43.000, 11.054), (19.000, -43.000, 9.743), (22.000, -43.000, 9.452), (25.000, -43.000, 10.508), (28.000, -43.000, 12.866), (31.000, -43.000, 16.086), (34.000, -43.000, 19.447), (37.000, -43.000, 22.159), (40.000, -43.000, 23.591), (43.000, -43.000, 23.461), (46.000, -43.000, 21.907), (49.000, -43.000, 19.431), (52.000, -43.000, 16.722), (55.000, -43.000, 14.436), (58.000, -43.000, 12.997), (61.000, -43.000, 12.485), (64.000, -43.000, 12.654), (67.000, -43.000, 13.059), (70.000, -43.000, 13.256), (73.000, -43.000, 12.979), (76.000, -43.000, 12.259), (79.000, -43.000, 11.413), (82.000, -43.000, 10.923), (85.000, -43.000, 11.244), (88.000, -43.000, 12.613), (91.000, -43.000, 14.923), (94.000, -43.000, 17.715), (97.000, -43.000, 20.305), (100.000, -43.000, 21.981), (103.000, -43.000, 22.235), (106.000, -43.000, 20.928), (109.000, -43.000, 18.346), (-110.000, -40.000, 14.594), (-107.000, -40.000, 11.539), (-104.000, -40.000, 8.854), (-101.000, -40.000, 7.237), (-98.000, -40.000, 7.123), (-95.000, -40.000, 8.540), (-92.000, -40.000, 11.106), (-89.000, -40.000, 14.142), (-86.000, -40.000, 16.887), (-83.000, -40.000, 18.725), (-80.000, -40.000, 19.361), (-77.000, -40.000, 18.879), (-74.000, -40.000, 17.675), (-71.000, -40.000, 16.288), (-68.000, -40.000, 15.194), (-65.000, -40.000, 14.635), (-62.000, -40.000, 14.542), (-59.000, -40.000, 14.584), (-56.000, -40.000, 14.318), (-53.000, -40.000, 13.386), (-50.000, -40.000, 11.684), (-47.000, -40.000, 9.439), (-44.000, -40.000, 7.171), (-41.000, -40.000, 5.531), (-38.000, -40.000, 5.094), (-35.000, -40.000, 6.146), (-32.000, -40.000, 8.578), (-29.000, -40.000, 11.887), (-26.000, -40.000, 15.320), (-23.000, -40.000, 18.091), (-20.000, -40.000, 19.610), (-17.000, -40.000, 19.654), (-14.000, -40.000, 18.412), (-11.000, -40.000, 16.400), (-8.000, -40.000, 14.279), (-5.000, -40.000, 12.629), (-2.000, -40.000, 11.774), (1.000, -40.000, 11.698), (4.000, -40.000, 12.096), (7.000, -40.000, 12.516), (10.000, -40.000, 12.566), (13.000, -40.000, 12.074), (16.000, -40.000, 11.178), (19.000, -40.000, 10.283), (22.000, -40.000, 9.914), (25.000, -40.000, 10.515), (28.000, -40.000, 12.261), (31.000, -40.000, 14.959), (34.000, -40.000, 18.069), (37.000, -40.000, 20.853), (40.000, -40.000, 22.591), (43.000, -40.000, 22.810), (46.000, -40.000, 21.427), (49.000, -40.000, 18.781), (52.000, -40.000, 15.528), (55.000, -40.000, 12.436), (58.000, -40.000, 10.155), (61.000, -40.000, 9.032), (64.000, -40.000, 9.035), (67.000, -40.000, 9.805), (70.000, -40.000, 10.817), (73.000, -40.000, 11.582), (76.000, -40.000, 11.832), (79.000, -40.000, 11.604), (82.000, -40.000, 11.209), (85.000, -40.000, 11.093), (88.000, -40.000, 11.642), (91.000, -40.000, 13.003), (94.000, -40.000, 14.994), (97.000, -40.000, 17.129), (100.000, -40.000, 18.765), (103.000, -40.000, 19.310), (106.000, -40.000, 18.432), (109.000, -40.000, 16.191), (-110.000, -37.000, 13.452), (-107.000, -37.000, 11.013), (-104.000, -37.000, 8.579), (-101.000, -37.000, 6.841), (-98.000, -37.000, 6.363), (-95.000, -37.000, 7.387), (-92.000, -37.000, 9.741), (-89.000, -37.000, 12.874), (-86.000, -37.000, 16.016), (-83.000, -37.000, 18.406), (-80.000, -37.000, 19.516), (-77.000, -37.000, 19.195), (-74.000, -37.000, 17.689), (-71.000, -37.000, 15.532), (-68.000, -37.000, 13.352), (-65.000, -37.000, 11.657), (-62.000, -37.000, 10.676), (-59.000, -37.000, 10.312), (-56.000, -37.000, 10.218), (-53.000, -37.000, 9.959), (-50.000, -37.000, 9.211), (-47.000, -37.000, 7.913), (-44.000, -37.000, 6.318), (-41.000, -37.000, 4.921), (-38.000, -37.000, 4.291), (-35.000, -37.000, 4.858), (-32.000, -37.000, 6.739), (-29.000, -37.000, 9.663), (-26.000, -37.000, 13.021), (-23.000, -37.000, 16.036), (-20.000, -37.000, 17.995), (-17.000, -37.000, 18.461), (-14.000, -37.000, 17.406), (-11.000, -37.000, 15.210), (-8.000, -37.000, 12.533), (-5.000, -37.000, 10.104), (-2.000, -37.000, 8.495), (1.000, -37.000, 7.963), (4.000, -37.000, 8.396), (7.000, -37.000, 9.400), (10.000, -37.000, 10.464), (13.000, -37.000, 11.173), (16.000, -37.000, 11.356), (19.000, -37.000, 11.151), (22.000, -37.000, 10.939), (25.000, -37.000, 11.182), (28.000, -37.000, 12.223), (31.000, -37.000, 14.126), (34.000, -37.000, 16.608), (37.000, -37.000, 19.096), (40.000, -37.000, 20.897), (43.000, -37.000, 21.422), (46.000, -37.000, 20.383), (49.000, -37.000, 17.904), (52.000, -37.000, 14.500), (55.000, -37.000, 10.932), (58.000, -37.000, 7.982), (61.000, -37.000, 6.225), (64.000, -37.000, 5.871), (67.000, -37.000, 6.730), (70.000, -37.000, 8.304), (73.000, -37.000, 9.973), (76.000, -37.000, 11.216), (79.000, -37.000, 11.772), (82.000, -37.000, 11.709), (85.000, -37.000, 11.362), (88.000, -37.000, 11.173), (91.000, -37.000, 11.497), (94.000, -37.000, 12.438), (97.000, -37.000, 13.789), (100.000, -37.000, 15.078), (103.000, -37.000, 15.740), (106.000, -37.000, 15.317), (109.000, -37.000, 13.647), (-110.000, -34.000, 12.065), (-107.000, -34.000, 10.548), (-104.000, -34.000, 8.721), (-101.000, -34.000, 7.153), (-98.000, -34.000, 6.438), (-95.000, -34.000, 6.983), (-92.000, -34.000, 8.846), (-89.000, -34.000, 11.683), (-86.000, -34.000, 14.834), (-83.000, -34.000, 17.509), (-80.000, -34.000, 19.020), (-77.000, -34.000, 18.991), (-74.000, -34.000, 17.462), (-71.000, -34.000, 14.859), (-68.000, -34.000, 11.853), (-65.000, -34.000, 9.136), (-62.000, -34.000, 7.212), (-59.000, -34.000, 6.256), (-56.000, -34.000, 6.102), (-53.000, -34.000, 6.342), (-50.000, -34.000, 6.513), (-47.000, -34.000, 6.290), (-44.000, -34.000, 5.625), (-41.000, -34.000, 4.766), (-38.000, -34.000, 4.171), (-35.000, -34.000, 4.318), (-32.000, -34.000, 5.515), (-29.000, -34.000, 7.744), (-26.000, -34.000, 10.630), (-23.000, -34.000, 13.526), (-20.000, -34.000, 15.702), (-17.000, -34.000, 16.577), (-14.000, -34.000, 15.905), (-11.000, -34.000, 13.863), (-8.000, -34.000, 11.002), (-5.000, -34.000, 8.084), (-2.000, -34.000, 5.848), (1.000, -34.000, 4.795), (4.000, -34.000, 5.054), (7.000, -34.000, 6.372), (10.000, -34.000, 8.234), (13.000, -34.000, 10.056), (16.000, -34.000, 11.391), (19.000, -34.000, 12.078), (22.000, -34.000, 12.267), (25.000, -34.000, 12.336), (28.000, -34.000, 12.711), (31.000, -34.000, 13.679), (34.000, -34.000, 15.241), (37.000, -34.000, 17.078), (40.000, -34.000, 18.637), (43.000, -34.000, 19.318), (46.000, -34.000, 18.684), (49.000, -34.000, 16.633), (52.000, -34.000, 13.466), (55.000, -34.000, 9.820), (58.000, -34.000, 6.493), (61.000, -34.000, 4.206), (64.000, -34.000, 3.393), (67.000, -34.000, 4.081), (70.000, -34.000, 5.897), (73.000, -34.000, 8.202), (76.000, -34.000, 10.307), (79.000, -34.000, 11.688), (82.000, -34.000, 12.138), (85.000, -34.000, 11.795), (88.000, -34.000, 11.058), (91.000, -34.000, 10.404), (94.000, -34.000, 10.190), (97.000, -34.000, 10.513), (100.000, -34.000, 11.161), (103.000, -34.000, 11.700), (106.000, -34.000, 11.643), (109.000, -34.000, 10.653), (-110.000, -31.000, 10.398), (-107.000, -31.000, 9.981), (-104.000, -31.000, 9.054), (-101.000, -31.000, 7.965), (-98.000, -31.000, 7.227), (-95.000, -31.000, 7.328), (-92.000, -31.000, 8.527), (-89.000, -31.000, 10.733), (-86.000, -31.000, 13.491), (-83.000, -31.000, 16.100), (-80.000, -31.000, 17.822), (-77.000, -31.000, 18.108), (-74.000, -31.000, 16.777), (-71.000, -31.000, 14.073), (-68.000, -31.000, 10.596), (-65.000, -31.000, 7.112), (-62.000, -31.000, 4.330), (-59.000, -31.000, 2.689), (-56.000, -31.000, 2.258), (-53.000, -31.000, 2.753), (-50.000, -31.000, 3.671), (-47.000, -31.000, 4.497), (-44.000, -31.000, 4.892), (-41.000, -31.000, 4.811), (-38.000, -31.000, 4.504), (-35.000, -31.000, 4.397), (-32.000, -31.000, 4.907), (-29.000, -31.000, 6.254), (-26.000, -31.000, 8.338), (-23.000, -31.000, 10.740), (-20.000, -31.000, 12.834), (-17.000, -31.000, 13.990), (-14.000, -31.000, 13.790), (-11.000, -31.000, 12.183), (-8.000, -31.000, 9.528), (-5.000, -31.000, 6.497), (-2.000, -31.000, 3.886), (1.000, -31.000, 2.373), (4.000, -31.000, 2.322), (7.000, -31.000, 3.686), (10.000, -31.000, 6.041), (13.000, -31.000, 8.747), (16.000, -31.000, 11.154), (19.000, -31.000, 12.815), (22.000, -31.000, 13.607), (25.000, -31.000, 13.729), (28.000, -31.000, 13.593), (31.000, -31.000, 13.632), (34.000, -31.000, 14.112), (37.000, -31.000, 15.013), (40.000, -31.000, 16.019), (43.000, -31.000, 16.627), (46.000, -31.000, 16.341), (49.000, -31.000, 14.868), (52.000, -31.000, 12.261), (55.000, -31.000, 8.944), (58.000, -31.000, 5.607), (61.000, -31.000, 3.011), (64.000, -31.000, 1.751), (67.000, -31.000, 2.075), (70.000, -31.000, 3.804), (73.000, -31.000, 6.391), (76.000, -31.000, 9.093), (79.000, -31.000, 11.198), (82.000, -31.000, 12.239), (85.000, -31.000, 12.113), (88.000, -31.000, 11.080), (91.000, -31.000, 9.637), (94.000, -31.000, 8.319), (97.000, -31.000, 7.504), (100.000, -31.000, 7.282), (103.000, -31.000, 7.441), (106.000, -31.000, 7.570), (109.000, -31.000, 7.239), (-110.000, -28.000, 8.500), (-107.000, -28.000, 9.211), (-104.000, -28.000, 9.364), (-101.000, -28.000, 9.022), (-98.000, -28.000, 8.517), (-95.000, -28.000, 8.314), (-92.000, -28.000, 8.809), (-89.000, -28.000, 10.155), (-86.000, -28.000, 12.163), (-83.000, -28.000, 14.329), (-80.000, -28.000, 15.980), (-77.000, -28.000, 16.488), (-74.000, -28.000, 15.480), (-71.000, -28.000, 12.982), (-68.000, -28.000, 9.426), (-65.000, -28.000, 5.537), (-62.000, -28.000, 2.118), (-59.000, -28.000, 0.000), (-56.000, -28.000, 0.000), (-53.000, -28.000, 0.000), (-50.000, -28.000, 0.844), (-47.000, -28.000, 2.544), (-44.000, -28.000, 3.979), (-41.000, -28.000, 4.809), (-38.000, -28.000, 5.017), (-35.000, -28.000, 4.878), (-32.000, -28.000, 4.821), (-29.000, -28.000, 5.240), (-26.000, -28.000, 6.310), (-23.000, -28.000, 7.897), (-20.000, -28.000, 9.583), (-17.000, -28.000, 10.802), (-14.000, -28.000, 11.043), (-11.000, -28.000, 10.052), (-8.000, -28.000, 7.943), (-5.000, -28.000, 5.205), (-2.000, -28.000, 2.564), (1.000, -28.000, 0.774), (4.000, -28.000, 0.386), (7.000, -28.000, 1.574), (10.000, -28.000, 4.091), (13.000, -28.000, 7.348), (16.000, -28.000, 10.599), (19.000, -28.000, 13.177), (22.000, -28.000, 14.682), (25.000, -28.000, 15.077), (28.000, -28.000, 14.659), (31.000, -28.000, 13.910), (34.000, -28.000, 13.300), (37.000, -28.000, 13.103), (40.000, -28.000, 13.293), (43.000, -28.000, 13.567), (46.000, -28.000, 13.472), (49.000, -28.000, 12.598), (52.000, -28.000, 10.764), (55.000, -28.000, 8.127), (58.000, -28.000, 5.170), (61.000, -28.000, 2.570), (64.000, -28.000, 0.990), (67.000, -28.000, 0.858), (70.000, -28.000, 2.221), (73.000, -28.000, 4.711), (76.000, -28.000, 7.648), (79.000, -28.000, 10.241), (82.000, -28.000, 11.827), (85.000, -28.000, 12.058), (88.000, -28.000, 10.990), (91.000, -28.000, 9.037), (94.000, -28.000, 6.810), (97.000, -28.000, 4.901), (100.000, -28.000, 3.696), (103.000, -28.000, 3.256), (106.000, -28.000, 3.342), (109.000, -28.000, 3.532), (-110.000, -25.000, 6.502), (-107.000, -25.000, 8.215), (-104.000, -25.000, 9.483), (-101.000, -25.000, 10.064), (-98.000, -25.000, 10.038), (-95.000, -25.000, 9.743), (-92.000, -25.000, 9.619), (-89.000, -25.000, 10.013), (-86.000, -25.000, 11.016), (-83.000, -25.000, 12.394), (-80.000, -25.000, 13.650), (-77.000, -25.000, 14.187), (-74.000, -25.000, 13.513), (-71.000, -25.000, 11.440), (-68.000, -25.000, 8.175), (-65.000, -25.000, 4.289), (-62.000, -25.000, 0.564), (-59.000, -25.000, 0.000), (-56.000, -25.000, 0.000), (-53.000, -25.000, 0.000), (-50.000, -25.000, 0.000), (-47.000, -25.000, 0.522), (-44.000, -25.000, 2.825), (-41.000, -25.000, 4.562), (-38.000, -25.000, 5.434), (-35.000, -25.000, 5.492), (-32.000, -25.000, 5.078), (-29.000, -25.000, 4.665), (-26.000, -25.000, 4.654), (-23.000, -25.000, 5.211), (-20.000, -25.000, 6.194), (-17.000, -25.000, 7.208), (-14.000, -25.000, 7.754), (-11.000, -25.000, 7.432), (-8.000, -25.000, 6.116), (-5.000, -25.000, 4.040), (-2.000, -25.000, 1.754), (1.000, -25.000, 0.000), (4.000, -25.000, 0.000), (7.000, -25.000, 0.215), (10.000, -25.000, 2.590), (13.000, -25.000, 6.017), (16.000, -25.000, 9.772), (19.000, -25.000, 13.066), (22.000, -25.000, 15.271), (25.000, -25.000, 16.099), (28.000, -25.000, 15.653), (31.000, -25.000, 14.363), (34.000, -25.000, 12.805), (37.000, -25.000, 11.495), (40.000, -25.000, 10.708), (43.000, -25.000, 10.408), (46.000, -25.000, 10.286), (49.000, -25.000, 9.912), (52.000, -25.000, 8.926), (55.000, -25.000, 7.215), (58.000, -25.000, 4.984), (61.000, -25.000, 2.722), (64.000, -25.000, 1.044), (67.000, -25.000, 0.483), (70.000, -25.000, 1.295), (73.000, -25.000, 3.341), (76.000, -25.000, 6.110), (79.000, -25.000, 8.854), (82.000, -25.000, 10.811), (85.000, -25.000, 11.432), (88.000, -25.000, 10.546), (91.000, -25.000, 8.401), (94.000, -25.000, 5.570), (97.000, -25.000, 2.763), (100.000, -25.000, 0.601), (103.000, -25.000, 0.000), (106.000, -25.000, 0.000), (109.000, -25.000, 0.000), (-110.000, -22.000, 4.597), (-107.000, -22.000, 7.057), (-104.000, -22.000, 9.317), (-101.000, -22.000, 10.867), (-98.000, -22.000, 11.501), (-95.000, -22.000, 11.349), (-92.000, -22.000, 10.793), (-89.000, -22.000, 10.287), (-86.000, -22.000, 10.168), (-83.000, -22.000, 10.503), (-80.000, -22.000, 11.055), (-77.000, -22.000, 11.365), (-74.000, -22.000, 10.922), (-71.000, -22.000, 9.376), (-68.000, -22.000, 6.691), (-65.000, -22.000, 3.208), (-62.000, -22.000, 0.000), (-59.000, -22.000, 0.000), (-56.000, -22.000, 0.000), (-53.000, -22.000, 0.000), (-50.000, -22.000, 0.000), (-47.000, -22.000, 0.000), (-44.000, -22.000, 1.458), (-41.000, -22.000, 3.954), (-38.000, -22.000, 5.523), (-35.000, -22.000, 5.962), (-32.000, -22.000, 5.440), (-29.000, -22.000, 4.406), (-26.000, -22.000, 3.402), (-23.000, -22.000, 2.855), (-20.000, -22.000, 2.928), (-17.000, -22.000, 3.475), (-14.000, -22.000, 4.111), (-11.000, -22.000, 4.387), (-8.000, -22.000, 3.977), (-5.000, -22.000, 2.843), (-2.000, -22.000, 1.274), (1.000, -22.000, 0.000), (4.000, -22.000, 0.000), (7.000, -22.000, 0.000), (10.000, -22.000, 1.707), (13.000, -22.000, 4.935), (16.000, -22.000, 8.791), (19.000, -22.000, 12.482), (22.000, -22.000, 15.245), (25.000, -22.000, 16.564), (28.000, -22.000, 16.316), (31.000, -22.000, 14.785), (34.000, -22.000, 12.545), (37.000, -22.000, 10.261), (40.000, -22.000, 8.475), (43.000, -22.000, 7.435), (46.000, -22.000, 7.057), (49.000, -22.000, 6.989), (52.000, -22.000, 6.787), (55.000, -22.000, 6.103), (58.000, -22.000, 4.849), (61.000, -22.000, 3.244), (64.000, -22.000, 1.747), (67.000, -22.000, 0.894), (70.000, -22.000, 1.088), (73.000, -22.000, 2.432), (76.000, -22.000, 4.653), (79.000, -22.000, 7.160), (82.000, -22.000, 9.209), (85.000, -22.000, 10.135), (88.000, -22.000, 9.560), (91.000, -22.000, 7.518), (94.000, -22.000, 4.448), (97.000, -22.000, 1.059), (100.000, -22.000, 0.000), (103.000, -22.000, 0.000), (106.000, -22.000, 0.000), (109.000, -22.000, 0.000), (-110.000, -19.000, 3.005), (-107.000, -19.000, 5.870), (-104.000, -19.000, 8.863), (-101.000, -19.000, 11.281), (-98.000, -19.000, 12.649), (-95.000, -19.000, 12.844), (-92.000, -19.000, 12.097), (-89.000, -19.000, 10.870), (-86.000, -19.000, 9.667), (-83.000, -19.000, 8.837), (-80.000, -19.000, 8.445), (-77.000, -19.000, 8.261), (-74.000, -19.000, 7.863), (-71.000, -19.000, 6.819), (-68.000, -19.000, 4.884), (-65.000, -19.000, 2.131), (-62.000, -19.000, 0.000), (-59.000, -19.000, 0.000), (-56.000, -19.000, 0.000), (-53.000, -19.000, 0.000), (-50.000, -19.000, 0.000), (-47.000, -19.000, 0.000), (-44.000, -19.000, 0.000), (-41.000, -19.000, 2.961), (-38.000, -19.000, 5.128), (-35.000, -19.000, 6.042), (-32.000, -19.000, 5.649), (-29.000, -19.000, 4.277), (-26.000, -19.000, 2.501), (-23.000, -19.000, 0.933), (-20.000, -19.000, 0.015), (-17.000, -19.000, 0.000), (-14.000, -19.000, 0.378), (-11.000, -19.000, 1.077), (-8.000, -19.000, 1.547), (-5.000, -19.000, 1.499), (-2.000, -19.000, 0.931), (1.000, -19.000, 0.147), (4.000, -19.000, 0.000), (7.000, -19.000, 0.005), (10.000, -19.000, 1.537), (13.000, -19.000, 4.266), (16.000, -19.000, 7.818), (19.000, -19.000, 11.518), (22.000, -19.000, 14.576), (25.000, -19.000, 16.327), (28.000, -19.000, 16.425), (31.000, -19.000, 14.950), (34.000, -19.000, 12.370), (37.000, -19.000, 9.390), (40.000, -19.000, 6.727), (43.000, -19.000, 4.897), (46.000, -19.000, 4.074), (49.000, -19.000, 4.077), (52.000, -19.000, 4.474), (55.000, -19.000, 4.770), (58.000, -19.000, 4.606), (61.000, -19.000, 3.897), (64.000, -19.000, 2.861), (67.000, -19.000, 1.929), (70.000, -19.000, 1.566), (73.000, -19.000, 2.073), (76.000, -19.000, 3.447), (79.000, -19.000, 5.336), (82.000, -19.000, 7.137), (85.000, -19.000, 8.175), (88.000, -19.000, 7.928), (91.000, -19.000, 6.215), (94.000, -19.000, 3.269), (97.000, -19.000, 0.000), (100.000, -19.000, 0.000), (103.000, -19.000, 0.000), (106.000, -19.000, 0.000), (109.000, -19.000, 0.000), (-110.000, -16.000, 1.934), (-107.000, -16.000, 4.832), (-104.000, -16.000, 8.199), (-101.000, -16.000, 11.246), (-98.000, -16.000, 13.291), (-95.000, -16.000, 13.959), (-92.000, -16.000, 13.265), (-89.000, -16.000, 11.581), (-86.000, -16.000, 9.477), (-83.000, -16.000, 7.515), (-80.000, -16.000, 6.056), (-77.000, -16.000, 5.155), (-74.000, -16.000, 4.572), (-71.000, -16.000, 3.898), (-68.000, -16.000, 2.744), (-65.000, -16.000, 0.929), (-62.000, -16.000, 0.000), (-59.000, -16.000, 0.000), (-56.000, -16.000, 0.000), (-53.000, -16.000, 0.000), (-50.000, -16.000, 0.000), (-47.000, -16.000, 0.000), (-44.000, -16.000, 0.000), (-41.000, -16.000, 1.655), (-38.000, -16.000, 4.197), (-35.000, -16.000, 5.562), (-32.000, -16.000, 5.471), (-29.000, -16.000, 4.059), (-26.000, -16.000, 1.827), (-23.000, -16.000, 0.000), (-20.000, -16.000, 0.000), (-17.000, -16.000, 0.000), (-14.000, -16.000, 0.000), (-11.000, -16.000, 0.000), (-8.000, -16.000, 0.000), (-5.000, -16.000, 0.000), (-2.000, -16.000, 0.555), (1.000, -16.000, 0.702), (4.000, -16.000, 0.700), (7.000, -16.000, 1.012), (10.000, -16.000, 2.078), (13.000, -16.000, 4.121), (16.000, -16.000, 7.026), (19.000, -16.000, 10.331), (22.000, -16.000, 13.344), (25.000, -16.000, 15.351), (28.000, -16.000, 15.837), (31.000, -16.000, 14.659), (34.000, -16.000, 12.101), (37.000, -16.000, 8.789), (40.000, -16.000, 5.511), (43.000, -16.000, 2.974), (46.000, -16.000, 1.607), (49.000, -16.000, 1.452), (52.000, -16.000, 2.189), (55.000, -16.000, 3.276), (58.000, -16.000, 4.159), (61.000, -16.000, 4.462), (64.000, -16.000, 4.116), (67.000, -16.000, 3.352), (70.000, -16.000, 2.595), (73.000, -16.000, 2.270), (76.000, -16.000, 2.620), (79.000, -16.000, 3.584), (82.000, -16.000, 4.790), (85.000, -16.000, 5.670), (88.000, -16.000, 5.655), (91.000, -16.000, 4.387), (94.000, -16.000, 1.870), (97.000, -16.000, 0.000), (100.000, -16.000, 0.000), (103.000, -16.000, 0.000), (106.000, -16.000, 0.000), (109.000, -16.000, 0.000), (-110.000, -13.000, 1.538), (-107.000, -13.000, 4.132), (-104.000, -13.000, 7.470), (-101.000, -13.000, 10.798), (-98.000, -13.000, 13.333), (-95.000, -13.000, 14.487), (-92.000, -13.000, 14.043), (-89.000, -13.000, 12.199), (-86.000, -13.000, 9.484), (-83.000, -13.000, 6.575), (-80.000, -13.000, 4.074), (-77.000, -13.000, 2.327), (-74.000, -13.000, 1.341), (-71.000, -13.000, 0.828), (-68.000, -13.000, 0.356), (-65.000, -13.000, 0.000), (-62.000, -13.000, 0.000), (-59.000, -13.000, 0.000), (-56.000, -13.000, 0.000), (-53.000, -13.000, 0.000), (-50.000, -13.000, 0.000), (-47.000, -13.000, 0.000), (-44.000, -13.000, 0.000), (-41.000, -13.000, 0.183), (-38.000, -13.000, 2.779), (-35.000, -13.000, 4.455), (-32.000, -13.000, 4.737), (-29.000, -13.000, 3.544), (-26.000, -13.000, 1.210), (-23.000, -13.000, 0.000), (-20.000, -13.000, 0.000), (-17.000, -13.000, 0.000), (-14.000, -13.000, 0.000), (-11.000, -13.000, 0.000), (-8.000, -13.000, 0.000), (-5.000, -13.000, 0.000), (-2.000, -13.000, 0.037), (1.000, -13.000, 1.268), (4.000, -13.000, 1.995), (7.000, -13.000, 2.506), (10.000, -13.000, 3.227), (13.000, -13.000, 4.531), (16.000, -13.000, 6.556), (19.000, -13.000, 9.113), (22.000, -13.000, 11.714), (25.000, -13.000, 13.712), (28.000, -13.000, 14.510), (31.000, -13.000, 13.773), (34.000, -13.000, 11.556), (37.000, -13.000, 8.315), (40.000, -13.000, 4.782), (43.000, -13.000, 1.753), (46.000, -13.000, 0.000), (49.000, -13.000, 0.000), (52.000, -13.000, 0.170), (55.000, -13.000, 1.762), (58.000, -13.000, 3.500), (61.000, -13.000, 4.783), (64.000, -13.000, 5.252), (67.000, -13.000, 4.883), (70.000, -13.000, 3.959), (73.000, -13.000, 2.933), (76.000, -13.000, 2.234), (79.000, -13.000, 2.083), (82.000, -13.000, 2.401), (85.000, -13.000, 2.827), (88.000, -13.000, 2.856), (91.000, -13.000, 2.031), (94.000, -13.000, 0.141), (97.000, -13.000, 0.000), (100.000, -13.000, 0.000), (103.000, -13.000, 0.000), (106.000, -13.000, 0.000), (109.000, -13.000, 0.000), (-110.000, -10.000, 1.888), (-107.000, -10.000, 3.923), (-104.000, -10.000, 6.849), (-101.000, -10.000, 10.060), (-98.000, -10.000, 12.785), (-95.000, -10.000, 14.318), (-92.000, -10.000, 14.229), (-89.000, -10.000, 12.499), (-86.000, -10.000, 9.523), (-83.000, -10.000, 5.975), (-80.000, -10.000, 2.606), (-77.000, -10.000, 0.010), (-74.000, -10.000, 0.000), (-71.000, -10.000, 0.000), (-68.000, -10.000, 0.000), (-65.000, -10.000, 0.000), (-62.000, -10.000, 0.000), (-59.000, -10.000, 0.000), (-56.000, -10.000, 0.000), (-53.000, -10.000, 0.000), (-50.000, -10.000, 0.000), (-47.000, -10.000, 0.000), (-44.000, -10.000, 0.000), (-41.000, -10.000, 0.000), (-38.000, -10.000, 1.020), (-35.000, -10.000, 2.762), (-32.000, -10.000, 3.376), (-29.000, -10.000, 2.572), (-26.000, -10.000, 0.469), (-23.000, -10.000, 0.000), (-20.000, -10.000, 0.000), (-17.000, -10.000, 0.000), (-14.000, -10.000, 0.000), (-11.000, -10.000, 0.000), (-8.000, -10.000, 0.000), (-5.000, -10.000, 0.000), (-2.000, -10.000, 0.000), (1.000, -10.000, 1.673), (4.000, -10.000, 3.283), (7.000, -10.000, 4.219), (10.000, -10.000, 4.795), (13.000, -10.000, 5.437), (16.000, -10.000, 6.489), (19.000, -10.000, 8.050), (22.000, -10.000, 9.905), (25.000, -10.000, 11.585), (28.000, -10.000, 12.519), (31.000, -10.000, 12.247), (34.000, -10.000, 10.602), (37.000, -10.000, 7.803), (40.000, -10.000, 4.421), (43.000, -10.000, 1.221), (46.000, -10.000, 0.000), (49.000, -10.000, 0.000), (52.000, -10.000, 0.000), (55.000, -10.000, 0.418), (58.000, -10.000, 2.705), (61.000, -10.000, 4.787), (64.000, -10.000, 6.066), (67.000, -10.000, 6.244), (70.000, -10.000, 5.395), (73.000, -10.000, 3.896), (76.000, -10.000, 2.266), (79.000, -10.000, 0.960), (82.000, -10.000, 0.204), (85.000, -10.000, 0.000), (88.000, -10.000, 0.000), (91.000, -10.000, 0.000), (94.000, -10.000, 0.000), (97.000, -10.000, 0.000), (100.000, -10.000, 0.000), (103.000, -10.000, 0.000), (106.000, -10.000, 0.000), (109.000, -10.000, 0.000), (-110.000, -7.000, 2.958), (-107.000, -7.000, 4.300), (-104.000, -7.000, 6.506), (-101.000, -7.000, 9.207), (-98.000, -7.000, 11.762), (-95.000, -7.000, 13.454), (-92.000, -7.000, 13.711), (-89.000, -7.000, 12.299), (-86.000, -7.000, 9.408), (-83.000, -7.000, 5.605), (-80.000, -7.000, 1.670), (-77.000, -7.000, 0.000), (-74.000, -7.000, 0.000), (-71.000, -7.000, 0.000), (-68.000, -7.000, 0.000), (-65.000, -7.000, 0.000), (-62.000, -7.000, 0.000), (-59.000, -7.000, 0.000), (-56.000, -7.000, 0.000), (-53.000, -7.000, 0.000), (-50.000, -7.000, 0.000), (-47.000, -7.000, 0.000), (-44.000, -7.000, 0.000), (-41.000, -7.000, 0.000), (-38.000, -7.000, 0.000), (-35.000, -7.000, 0.636), (-32.000, -7.000, 1.430), (-29.000, -7.000, 1.074), (-26.000, -7.000, 0.000), (-23.000, -7.000, 0.000), (-20.000, -7.000, 0.000), (-17.000, -7.000, 0.000), (-14.000, -7.000, 0.000), (-11.000, -7.000, 0.000), (-8.000, -7.000, 0.000), (-5.000, -7.000, 0.000), (-2.000, -7.000, 0.000), (1.000, -7.000, 1.825), (4.000, -7.000, 4.343), (7.000, -7.000, 5.874), (10.000, -7.000, 6.531), (13.000, -7.000, 6.695), (16.000, -7.000, 6.830), (19.000, -7.000, 7.285), (22.000, -7.000, 8.151), (25.000, -7.000, 9.216), (28.000, -7.000, 10.044), (31.000, -7.000, 10.145), (34.000, -7.000, 9.179), (37.000, -7.000, 7.112), (40.000, -7.000, 4.271), (43.000, -7.000, 1.275), (46.000, -7.000, 0.000), (49.000, -7.000, 0.000), (52.000, -7.000, 0.000), (55.000, -7.000, 0.000), (58.000, -7.000, 1.920), (61.000, -7.000, 4.497), (64.000, -7.000, 6.439), (67.000, -7.000, 7.210), (70.000, -7.000, 6.637), (73.000, -7.000, 4.937), (76.000, -7.000, 2.615), (79.000, -7.000, 0.271), (82.000, -7.000, 0.000), (85.000, -7.000, 0.000), (88.000, -7.000, 0.000), (91.000, -7.000, 0.000), (94.000, -7.000, 0.000), (97.000, -7.000, 0.000), (100.000, -7.000, 0.000), (103.000, -7.000, 0.000), (106.000, -7.000, 0.000), (109.000, -7.000, 0.000), (-110.000, -4.000, 4.626), (-107.000, -4.000, 5.274), (-104.000, -4.000, 6.575), (-101.000, -4.000, 8.440), (-98.000, -4.000, 10.457), (-95.000, -4.000, 12.014), (-92.000, -4.000, 12.496), (-89.000, -4.000, 11.497), (-86.000, -4.000, 8.981), (-83.000, -4.000, 5.320), (-80.000, -4.000, 1.207), (-77.000, -4.000, 0.000), (-74.000, -4.000, 0.000), (-71.000, -4.000, 0.000), (-68.000, -4.000, 0.000), (-65.000, -4.000, 0.000), (-62.000, -4.000, 0.000), (-59.000, -4.000, 0.000), (-56.000, -4.000, 0.000), (-53.000, -4.000, 0.000), (-50.000, -4.000, 0.000), (-47.000, -4.000, 0.000), (-44.000, -4.000, 0.000), (-41.000, -4.000, 0.000), (-38.000, -4.000, 0.000), (-35.000, -4.000, 0.000), (-32.000, -4.000, 0.000), (-29.000, -4.000, 0.000), (-26.000, -4.000, 0.000), (-23.000, -4.000, 0.000), (-20.000, -4.000, 0.000), (-17.000, -4.000, 0.000), (-14.000, -4.000, 0.000), (-11.000, -4.000, 0.000), (-8.000, -4.000, 0.000), (-5.000, -4.000, 0.000), (-2.000, -4.000, 0.000), (1.000, -4.000, 1.726), (4.000, -4.000, 5.039), (7.000, -4.000, 7.229), (10.000, -4.000, 8.170), (13.000, -4.000, 8.101), (16.000, -4.000, 7.503), (19.000, -4.000, 6.900), (22.000, -4.000, 6.666), (25.000, -4.000, 6.887), (28.000, -4.000, 7.350), (31.000, -4.000, 7.642), (34.000, -4.000, 7.331), (37.000, -4.000, 6.158), (40.000, -4.000, 4.173), (43.000, -4.000, 1.754), (46.000, -4.000, 0.000), (49.000, -4.000, 0.000), (52.000, -4.000, 0.000), (55.000, -4.000, 0.000), (58.000, -4.000, 1.336), (61.000, -4.000, 4.025), (64.000, -4.000, 6.360), (67.000, -4.000, 7.639), (70.000, -4.000, 7.460), (73.000, -4.000, 5.824), (76.000, -4.000, 3.122), (79.000, -4.000, 0.000), (82.000, -4.000, 0.000), (85.000, -4.000, 0.000), (88.000, -4.000, 0.000), (91.000, -4.000, 0.000), (94.000, -4.000, 0.000), (97.000, -4.000, 0.000), (100.000, -4.000, 0.000), (103.000, -4.000, 0.000), (106.000, -4.000, 0.000), (109.000, -4.000, 0.000), (-110.000, -1.000, 6.707), (-107.000, -1.000, 6.781), (-104.000, -1.000, 7.137), (-101.000, -1.000, 7.957), (-98.000, -1.000, 9.121), (-95.000, -1.000, 10.225), (-92.000, -1.000, 10.720), (-89.000, -1.000, 10.112), (-86.000, -1.000, 8.159), (-83.000, -1.000, 4.992), (-80.000, -1.000, 1.115), (-77.000, -1.000, 0.000), (-74.000, -1.000, 0.000), (-71.000, -1.000, 0.000), (-68.000, -1.000, 0.000), (-65.000, -1.000, 0.000), (-62.000, -1.000, 0.000), (-59.000, -1.000, 0.000), (-56.000, -1.000, 0.000), (-53.000, -1.000, 0.163), (-50.000, -1.000, 0.000), (-47.000, -1.000, 0.000), (-44.000, -1.000, 0.000), (-41.000, -1.000, 0.000), (-38.000, -1.000, 0.000), (-35.000, -1.000, 0.000), (-32.000, -1.000, 0.000), (-29.000, -1.000, 0.000), (-26.000, -1.000, 0.000), (-23.000, -1.000, 0.000), (-20.000, -1.000, 0.000), (-17.000, -1.000, 0.000), (-14.000, -1.000, 0.000), (-11.000, -1.000, 0.000), (-8.000, -1.000, 0.000), (-5.000, -1.000, 0.000), (-2.000, -1.000, 0.000), (1.000, -1.000, 1.489), (4.000, -1.000, 5.346), (7.000, -1.000, 8.136), (10.000, -1.000, 9.490), (13.000, -1.000, 9.440), (16.000, -1.000, 8.382), (19.000, -1.000, 6.914), (22.000, -1.000, 5.621), (25.000, -1.000, 4.884), (28.000, -1.000, 4.762), (31.000, -1.000, 5.014), (34.000, -1.000, 5.218), (37.000, -1.000, 4.959), (40.000, -1.000, 4.021), (43.000, -1.000, 2.489), (46.000, -1.000, 0.743), (49.000, -1.000, 0.000), (52.000, -1.000, 0.000), (55.000, -1.000, 0.000), (58.000, -1.000, 1.160), (61.000, -1.000, 3.562), (64.000, -1.000, 5.934), (67.000, -1.000, 7.518), (70.000, -1.000, 7.737), (73.000, -1.000, 6.369), (76.000, -1.000, 3.617), (79.000, -1.000, 0.046), (82.000, -1.000, 0.000), (85.000, -1.000, 0.000), (88.000, -1.000, 0.000), (91.000, -1.000, 0.000), (94.000, -1.000, 0.000), (97.000, -1.000, 0.000), (100.000, -1.000, 0.000), (103.000, -1.000, 0.000), (106.000, -1.000, 0.000), (109.000, -1.000, 0.000), (-110.000, 2.000, 9.113), (-107.000, 2.000, 8.823), (-104.000, 2.000, 8.332), (-101.000, 2.000, 8.048), (-98.000, 2.000, 8.151), (-95.000, 2.000, 8.517), (-92.000, 2.000, 8.766), (-89.000, 2.000, 8.418), (-86.000, 2.000, 7.090), (-83.000, 2.000, 4.672), (-80.000, 2.000, 1.412), (-77.000, 2.000, 0.000), (-74.000, 2.000, 0.000), (-71.000, 2.000, 0.000), (-68.000, 2.000, 0.000), (-65.000, 2.000, 0.000), (-62.000, 2.000, 0.000), (-59.000, 2.000, 0.000), (-56.000, 2.000, 0.464), (-53.000, 2.000, 1.697), (-50.000, 2.000, 1.675), (-47.000, 2.000, 0.519), (-44.000, 2.000, 0.000), (-41.000, 2.000, 0.000), (-38.000, 2.000, 0.000), (-35.000, 2.000, 0.000), (-32.000, 2.000, 0.000), (-29.000, 2.000, 0.000), (-26.000, 2.000, 0.000), (-23.000, 2.000, 0.000), (-20.000, 2.000, 0.000), (-17.000, 2.000, 0.000), (-14.000, 2.000, 0.000), (-11.000, 2.000, 0.000), (-8.000, 2.000, 0.000), (-5.000, 2.000, 0.000), (-2.000, 2.000, 0.000), (1.000, 2.000, 1.437), (4.000, 2.000, 5.487), (7.000, 2.000, 8.691), (10.000, 2.000, 10.478), (13.000, 2.000, 10.654), (16.000, 2.000, 9.447), (19.000, 2.000, 7.414), (22.000, 2.000, 5.256), (25.000, 2.000, 3.585), (28.000, 2.000, 2.747), (31.000, 2.000, 2.734), (34.000, 2.000, 3.233), (37.000, 2.000, 3.771), (40.000, 2.000, 3.920), (43.000, 2.000, 3.471), (46.000, 2.000, 2.518), (49.000, 2.000, 1.424), (52.000, 2.000, 0.684), (55.000, 2.000, 0.722), (58.000, 2.000, 1.711), (61.000, 2.000, 3.470), (64.000, 2.000, 5.493), (67.000, 2.000, 7.087), (70.000, 2.000, 7.593), (73.000, 2.000, 6.598), (76.000, 2.000, 4.086), (79.000, 2.000, 0.457), (82.000, 2.000, 0.000), (85.000, 2.000, 0.000), (88.000, 2.000, 0.000), (91.000, 2.000, 0.000), (94.000, 2.000, 0.000), (97.000, 2.000, 0.000), (100.000, 2.000, 0.000), (103.000, 2.000, 0.000), (106.000, 2.000, 0.000), (109.000, 2.000, 0.000), (-110.000, 5.000, 11.477), (-107.000, 5.000, 11.073), (-104.000, 5.000, 9.950), (-101.000, 5.000, 8.657), (-98.000, 5.000, 7.635), (-95.000, 5.000, 7.062), (-92.000, 5.000, 6.812), (-89.000, 5.000, 6.521), (-86.000, 5.000, 5.755), (-83.000, 5.000, 4.207), (-80.000, 5.000, 1.852), (-77.000, 5.000, 0.000), (-74.000, 5.000, 0.000), (-71.000, 5.000, 0.000), (-68.000, 5.000, 0.000), (-65.000, 5.000, 0.000), (-62.000, 5.000, 0.000), (-59.000, 5.000, 0.000), (-56.000, 5.000, 1.141), (-53.000, 5.000, 2.893), (-50.000, 5.000, 3.335), (-47.000, 5.000, 2.362), (-44.000, 5.000, 0.268), (-41.000, 5.000, 0.000), (-38.000, 5.000, 0.000), (-35.000, 5.000, 0.000), (-32.000, 5.000, 0.000), (-29.000, 5.000, 0.000), (-26.000, 5.000, 0.000), (-23.000, 5.000, 0.000), (-20.000, 5.000, 0.000), (-17.000, 5.000, 0.000), (-14.000, 5.000, 0.000), (-11.000, 5.000, 0.000), (-8.000, 5.000, 0.000), (-5.000, 5.000, 0.000), (-2.000, 5.000, 0.000), (1.000, 5.000, 1.659), (4.000, 5.000, 5.501), (7.000, 5.000, 8.827), (10.000, 5.000, 10.951), (13.000, 5.000, 11.471), (16.000, 5.000, 10.401), (19.000, 5.000, 8.163), (22.000, 5.000, 5.451), (25.000, 5.000, 3.020), (28.000, 5.000, 1.455), (31.000, 5.000, 1.008), (34.000, 5.000, 1.552), (37.000, 5.000, 2.660), (40.000, 5.000, 3.787), (43.000, 5.000, 4.471), (46.000, 5.000, 4.500), (49.000, 5.000, 3.979), (52.000, 5.000, 3.264), (55.000, 5.000, 2.808), (58.000, 5.000, 2.966), (61.000, 5.000, 3.826), (64.000, 5.000, 5.147), (67.000, 5.000, 6.411), (70.000, 5.000, 6.991), (73.000, 5.000, 6.359), (76.000, 5.000, 4.291), (79.000, 5.000, 0.963), (82.000, 5.000, 0.000), (85.000, 5.000, 0.000), (88.000, 5.000, 0.000), (91.000, 5.000, 0.000), (94.000, 5.000, 0.000), (97.000, 5.000, 0.000), (100.000, 5.000, 0.000), (103.000, 5.000, 0.000), (106.000, 5.000, 0.000), (109.000, 5.000, 0.000), (-110.000, 8.000, 13.420), (-107.000, 8.000, 13.137), (-104.000, 8.000, 11.670), (-101.000, 8.000, 9.596), (-98.000, 8.000, 7.538), (-95.000, 8.000, 5.958), (-92.000, 8.000, 5.015), (-89.000, 8.000, 4.550), (-86.000, 8.000, 4.180), (-83.000, 8.000, 3.484), (-80.000, 8.000, 2.189), (-77.000, 8.000, 0.307), (-74.000, 8.000, 0.000), (-71.000, 8.000, 0.000), (-68.000, 8.000, 0.000), (-65.000, 8.000, 0.000), (-62.000, 8.000, 0.000), (-59.000, 8.000, 0.000), (-56.000, 8.000, 1.580), (-53.000, 8.000, 3.598), (-50.000, 8.000, 4.454), (-47.000, 8.000, 3.818), (-44.000, 8.000, 1.784), (-41.000, 8.000, 0.000), (-38.000, 8.000, 0.000), (-35.000, 8.000, 0.000), (-32.000, 8.000, 0.000), (-29.000, 8.000, 0.000), (-26.000, 8.000, 0.000), (-23.000, 8.000, 0.000), (-20.000, 8.000, 0.000), (-17.000, 8.000, 0.000), (-14.000, 8.000, 0.000), (-11.000, 8.000, 0.000), (-8.000, 8.000, 0.000), (-5.000, 8.000, 0.000), (-2.000, 8.000, 0.000), (1.000, 8.000, 2.191), (4.000, 8.000, 5.434), (7.000, 8.000, 8.530), (10.000, 8.000, 10.784), (13.000, 8.000, 11.654), (16.000, 8.000, 10.937), (19.000, 8.000, 8.848), (22.000, 8.000, 5.968), (25.000, 8.000, 3.072), (28.000, 8.000, 0.904), (31.000, 8.000, 0.000), (34.000, 8.000, 0.316), (37.000, 8.000, 1.710), (40.000, 8.000, 3.574), (43.000, 8.000, 5.283), (46.000, 8.000, 6.354), (49.000, 8.000, 6.596), (52.000, 8.000, 6.146), (55.000, 8.000, 5.386), (58.000, 8.000, 4.765), (61.000, 8.000, 4.606), (64.000, 8.000, 4.961), (67.000, 8.000, 5.572), (70.000, 8.000, 5.953), (73.000, 8.000, 5.565), (76.000, 8.000, 4.028), (79.000, 8.000, 1.282), (82.000, 8.000, 0.000), (85.000, 8.000, 0.000), (88.000, 8.000, 0.000), (91.000, 8.000, 0.000), (94.000, 8.000, 0.000), (97.000, 8.000, 0.000), (100.000, 8.000, 0.000), (103.000, 8.000, 0.000), (106.000, 8.000, 0.000), (109.000, 8.000, 0.000), (-110.000, 11.000, 14.736), (-107.000, 11.000, 14.746), (-104.000, 11.000, 13.233), (-101.000, 11.000, 10.699), (-98.000, 11.000, 7.842), (-95.000, 11.000, 5.332), (-92.000, 11.000, 3.607), (-89.000, 11.000, 2.764), (-86.000, 11.000, 2.566), (-83.000, 11.000, 2.576), (-80.000, 11.000, 2.343), (-77.000, 11.000, 1.599), (-74.000, 11.000, 0.364), (-71.000, 11.000, 0.000), (-68.000, 11.000, 0.000), (-65.000, 11.000, 0.000), (-62.000, 11.000, 0.000), (-59.000, 11.000, 0.000), (-56.000, 11.000, 1.906), (-53.000, 11.000, 3.861), (-50.000, 11.000, 4.962), (-47.000, 11.000, 4.713), (-44.000, 11.000, 2.984), (-41.000, 11.000, 0.068), (-38.000, 11.000, 0.000), (-35.000, 11.000, 0.000), (-32.000, 11.000, 0.000), (-29.000, 11.000, 0.000), (-26.000, 11.000, 0.000), (-23.000, 11.000, 0.000), (-20.000, 11.000, 0.000), (-17.000, 11.000, 0.000), (-14.000, 11.000, 0.000), (-11.000, 11.000, 0.000), (-8.000, 11.000, 0.000), (-5.000, 11.000, 0.274), (-2.000, 11.000, 1.373), (1.000, 11.000, 3.125), (4.000, 11.000, 5.449), (7.000, 11.000, 7.956), (10.000, 11.000, 10.060), (13.000, 11.000, 11.172), (16.000, 11.000, 10.916), (19.000, 11.000, 9.271), (22.000, 11.000, 6.617), (25.000, 11.000, 3.635), (28.000, 11.000, 1.110), (31.000, 11.000, 0.000), (34.000, 11.000, 0.000), (37.000, 11.000, 1.121), (40.000, 11.000, 3.401), (43.000, 11.000, 5.888), (46.000, 11.000, 7.906), (49.000, 11.000, 8.988), (52.000, 11.000, 9.009), (55.000, 11.000, 8.184), (58.000, 11.000, 6.957), (61.000, 11.000, 5.810), (64.000, 11.000, 5.067), (67.000, 11.000, 4.773), (70.000, 11.000, 4.675), (73.000, 11.000, 4.330), (76.000, 11.000, 3.287), (79.000, 11.000, 1.288), (82.000, 11.000, 0.000), (85.000, 11.000, 0.000), (88.000, 11.000, 0.000), (91.000, 11.000, 0.000), (94.000, 11.000, 0.000), (97.000, 11.000, 0.000), (100.000, 11.000, 0.000), (103.000, 11.000, 0.000), (106.000, 11.000, 0.000), (109.000, 11.000, 1.135), (-110.000, 14.000, 15.333), (-107.000, 14.000, 15.708), (-104.000, 14.000, 14.409), (-101.000, 14.000, 11.773), (-98.000, 14.000, 8.459), (-95.000, 14.000, 5.240), (-92.000, 14.000, 2.777), (-89.000, 14.000, 1.427), (-86.000, 14.000, 1.168), (-83.000, 14.000, 1.647), (-80.000, 14.000, 2.335), (-77.000, 14.000, 2.739), (-74.000, 14.000, 2.580), (-71.000, 14.000, 1.887), (-68.000, 14.000, 0.968), (-65.000, 14.000, 0.274), (-62.000, 14.000, 0.204), (-59.000, 14.000, 0.927), (-56.000, 14.000, 2.288), (-53.000, 14.000, 3.825), (-50.000, 14.000, 4.916), (-47.000, 14.000, 4.985), (-44.000, 14.000, 3.710), (-41.000, 14.000, 1.156), (-38.000, 14.000, 0.000), (-35.000, 14.000, 0.000), (-32.000, 14.000, 0.000), (-29.000, 14.000, 0.000), (-26.000, 14.000, 0.000), (-23.000, 14.000, 0.000), (-20.000, 14.000, 0.000), (-17.000, 14.000, 0.000), (-14.000, 14.000, 0.035), (-11.000, 14.000, 1.855), (-8.000, 14.000, 2.890), (-5.000, 14.000, 3.393), (-2.000, 14.000, 3.793), (1.000, 14.000, 4.494), (4.000, 14.000, 5.700), (7.000, 14.000, 7.316), (10.000, 14.000, 8.964), (13.000, 14.000, 10.119), (16.000, 14.000, 10.307), (19.000, 14.000, 9.297), (22.000, 14.000, 7.215), (25.000, 14.000, 4.547), (28.000, 14.000, 2.000), (31.000, 14.000, 0.298), (34.000, 14.000, 0.000), (37.000, 14.000, 1.096), (40.000, 14.000, 3.439), (43.000, 14.000, 6.359), (46.000, 14.000, 9.089), (49.000, 14.000, 10.954), (52.000, 14.000, 11.563), (55.000, 14.000, 10.908), (58.000, 14.000, 9.330), (61.000, 14.000, 7.366), (64.000, 14.000, 5.549), (67.000, 14.000, 4.217), (70.000, 14.000, 3.407), (73.000, 14.000, 2.866), (76.000, 14.000, 2.178), (79.000, 14.000, 0.953), (82.000, 14.000, 0.000), (85.000, 14.000, 0.000), (88.000, 14.000, 0.000), (91.000, 14.000, 0.000), (94.000, 14.000, 0.000), (97.000, 14.000, 0.000), (100.000, 14.000, 0.000), (103.000, 14.000, 0.000), (106.000, 14.000, 0.000), (109.000, 14.000, 2.684), (-110.000, 17.000, 15.237), (-107.000, 17.000, 15.932), (-104.000, 17.000, 15.019), (-101.000, 17.000, 12.619), (-98.000, 17.000, 9.243), (-95.000, 17.000, 5.650), (-92.000, 17.000, 2.627), (-89.000, 17.000, 0.754), (-86.000, 17.000, 0.247), (-83.000, 17.000, 0.919), (-80.000, 17.000, 2.271), (-77.000, 17.000, 3.681), (-74.000, 17.000, 4.616), (-71.000, 17.000, 4.810), (-68.000, 17.000, 4.322), (-65.000, 17.000, 3.490), (-62.000, 17.000, 2.765), (-59.000, 17.000, 2.523), (-56.000, 17.000, 2.892), (-53.000, 17.000, 3.691), (-50.000, 17.000, 4.473), (-47.000, 17.000, 4.692), (-44.000, 17.000, 3.900), (-41.000, 17.000, 1.941), (-38.000, 17.000, 0.000), (-35.000, 17.000, 0.000), (-32.000, 17.000, 0.000), (-29.000, 17.000, 0.000), (-26.000, 17.000, 0.000), (-23.000, 17.000, 0.000), (-20.000, 17.000, 0.000), (-17.000, 17.000, 0.000), (-14.000, 17.000, 1.831), (-11.000, 17.000, 4.446), (-8.000, 17.000, 6.015), (-5.000, 17.000, 6.581), (-2.000, 17.000, 6.496), (1.000, 17.000, 6.255), (4.000, 17.000, 6.295), (7.000, 17.000, 6.823), (10.000, 17.000, 7.740), (13.000, 17.000, 8.687), (16.000, 17.000, 9.194), (19.000, 17.000, 8.877), (22.000, 17.000, 7.612), (25.000, 17.000, 5.619), (28.000, 17.000, 3.420), (31.000, 17.000, 1.690), (34.000, 17.000, 1.034), (37.000, 17.000, 1.784), (40.000, 17.000, 3.873), (43.000, 17.000, 6.834), (46.000, 17.000, 9.933), (49.000, 17.000, 12.384), (52.000, 17.000, 13.583), (55.000, 17.000, 13.281), (58.000, 17.000, 11.633), (61.000, 17.000, 9.129), (64.000, 17.000, 6.412), (67.000, 17.000, 4.059), (70.000, 17.000, 2.401), (73.000, 17.000, 1.443), (76.000, 17.000, 0.901), (79.000, 17.000, 0.352), (82.000, 17.000, 0.000), (85.000, 17.000, 0.000), (88.000, 17.000, 0.000), (91.000, 17.000, 0.000), (94.000, 17.000, 0.000), (97.000, 17.000, 0.000), (100.000, 17.000, 0.000), (103.000, 17.000, 0.000), (106.000, 17.000, 0.669), (109.000, 17.000, 3.802), (-110.000, 20.000, 14.580), (-107.000, 20.000, 15.443), (-104.000, 20.000, 14.976), (-101.000, 20.000, 13.070), (-98.000, 20.000, 10.019), (-95.000, 20.000, 6.454), (-92.000, 20.000, 3.165), (-89.000, 20.000, 0.875), (-86.000, 20.000, 0.019), (-83.000, 20.000, 0.625), (-80.000, 20.000, 2.320), (-77.000, 20.000, 4.463), (-74.000, 20.000, 6.360), (-71.000, 20.000, 7.477), (-68.000, 20.000, 7.602), (-65.000, 20.000, 6.873), (-62.000, 20.000, 5.694), (-59.000, 20.000, 4.557), (-56.000, 20.000, 3.843), (-53.000, 20.000, 3.673), (-50.000, 20.000, 3.862), (-47.000, 20.000, 3.995), (-44.000, 20.000, 3.599), (-41.000, 20.000, 2.342), (-38.000, 20.000, 0.191), (-35.000, 20.000, 0.000), (-32.000, 20.000, 0.000), (-29.000, 20.000, 0.000), (-26.000, 20.000, 0.000), (-23.000, 20.000, 0.000), (-20.000, 20.000, 0.000), (-17.000, 20.000, 0.000), (-14.000, 20.000, 3.353), (-11.000, 20.000, 6.601), (-8.000, 20.000, 8.733), (-5.000, 20.000, 9.549), (-2.000, 20.000, 9.240), (1.000, 20.000, 8.285), (4.000, 20.000, 7.265), (7.000, 20.000, 6.652), (10.000, 20.000, 6.648), (13.000, 20.000, 7.137), (16.000, 20.000, 7.758), (19.000, 20.000, 8.063), (22.000, 20.000, 7.722), (25.000, 20.000, 6.670), (28.000, 20.000, 5.165), (31.000, 20.000, 3.719), (34.000, 20.000, 2.926), (37.000, 20.000, 3.252), (40.000, 20.000, 4.850), (43.000, 20.000, 7.477), (46.000, 20.000, 10.545), (49.000, 20.000, 13.277), (52.000, 20.000, 14.943), (55.000, 20.000, 15.077), (58.000, 20.000, 13.615), (61.000, 20.000, 10.904), (64.000, 20.000, 7.583), (67.000, 20.000, 4.376), (70.000, 20.000, 1.868), (73.000, 20.000, 0.340), (76.000, 20.000, 0.000), (79.000, 20.000, 0.000), (82.000, 20.000, 0.000), (85.000, 20.000, 0.000), (88.000, 20.000, 0.000), (91.000, 20.000, 0.000), (94.000, 20.000, 0.000), (97.000, 20.000, 0.000), (100.000, 20.000, 0.000), (103.000, 20.000, 0.000), (106.000, 20.000, 1.746), (109.000, 20.000, 4.602), (-110.000, 23.000, 13.575), (-107.000, 23.000, 14.377), (-104.000, 23.000, 14.294), (-101.000, 23.000, 13.028), (-98.000, 23.000, 10.623), (-95.000, 23.000, 7.488), (-92.000, 23.000, 4.302), (-89.000, 23.000, 1.817), (-86.000, 23.000, 0.625), (-83.000, 23.000, 0.972), (-80.000, 23.000, 2.680), (-77.000, 23.000, 5.201), (-74.000, 23.000, 7.788), (-71.000, 23.000, 9.726), (-68.000, 23.000, 10.542), (-65.000, 23.000, 10.132), (-62.000, 23.000, 8.758), (-59.000, 23.000, 6.927), (-56.000, 23.000, 5.193), (-53.000, 23.000, 3.958), (-50.000, 23.000, 3.335), (-47.000, 23.000, 3.133), (-44.000, 23.000, 2.955), (-41.000, 23.000, 2.377), (-38.000, 23.000, 1.143), (-35.000, 23.000, 0.000), (-32.000, 23.000, 0.000), (-29.000, 23.000, 0.000), (-26.000, 23.000, 0.000), (-23.000, 23.000, 0.000), (-20.000, 23.000, 0.000), (-17.000, 23.000, 0.818), (-14.000, 23.000, 4.687), (-11.000, 23.000, 8.282), (-8.000, 23.000, 10.879), (-5.000, 23.000, 12.048), (-2.000, 23.000, 11.766), (1.000, 23.000, 10.398), (4.000, 23.000, 8.560), (7.000, 23.000, 6.907), (10.000, 23.000, 5.916), (13.000, 23.000, 5.754), (16.000, 23.000, 6.251), (19.000, 23.000, 7.001), (22.000, 23.000, 7.545), (25.000, 23.000, 7.564), (28.000, 23.000, 7.016), (31.000, 23.000, 6.163), (34.000, 23.000, 5.477), (37.000, 23.000, 5.462), (40.000, 23.000, 6.449), (43.000, 23.000, 8.445), (46.000, 23.000, 11.086), (49.000, 23.000, 13.726), (52.000, 23.000, 15.622), (55.000, 23.000, 16.162), (58.000, 23.000, 15.066), (61.000, 23.000, 12.477), (64.000, 23.000, 8.924), (67.000, 23.000, 5.161), (70.000, 23.000, 1.941), (73.000, 23.000, 0.000), (76.000, 23.000, 0.000), (79.000, 23.000, 0.000), (82.000, 23.000, 0.000), (85.000, 23.000, 0.605), (88.000, 23.000, 1.030), (91.000, 23.000, 0.954), (94.000, 23.000, 0.546), (97.000, 23.000, 0.200), (100.000, 23.000, 0.355), (103.000, 23.000, 1.304), (106.000, 23.000, 3.049), (109.000, 23.000, 5.260), (-110.000, 26.000, 12.476), (-107.000, 26.000, 12.955), (-104.000, 26.000, 13.097), (-101.000, 26.000, 12.487), (-98.000, 26.000, 10.933), (-95.000, 26.000, 8.574), (-92.000, 26.000, 5.876), (-89.000, 26.000, 3.500), (-86.000, 26.000, 2.098), (-83.000, 26.000, 2.095), (-80.000, 26.000, 3.537), (-77.000, 26.000, 6.054), (-74.000, 26.000, 8.969), (-71.000, 26.000, 11.489), (-68.000, 26.000, 12.948), (-65.000, 26.000, 12.998), (-62.000, 26.000, 11.695), (-59.000, 26.000, 9.459), (-56.000, 26.000, 6.913), (-53.000, 26.000, 4.669), (-50.000, 26.000, 3.131), (-47.000, 26.000, 2.382), (-44.000, 26.000, 2.196), (-41.000, 26.000, 2.158), (-38.000, 26.000, 1.858), (-35.000, 26.000, 1.071), (-32.000, 26.000, 0.000), (-29.000, 26.000, 0.000), (-26.000, 26.000, 0.000), (-23.000, 26.000, 0.000), (-20.000, 26.000, 0.000), (-17.000, 26.000, 2.448), (-14.000, 26.000, 5.976), (-11.000, 26.000, 9.550), (-8.000, 26.000, 12.394), (-5.000, 26.000, 13.907), (-2.000, 26.000, 13.842), (1.000, 26.000, 12.378), (4.000, 26.000, 10.058), (7.000, 26.000, 7.608), (10.000, 26.000, 5.710), (13.000, 26.000, 4.802), (16.000, 26.000, 4.958), (19.000, 26.000, 5.908), (22.000, 26.000, 7.168), (25.000, 26.000, 8.235), (28.000, 26.000, 8.779), (31.000, 26.000, 8.766), (34.000, 26.000, 8.451), (37.000, 26.000, 8.273), (40.000, 26.000, 8.659), (43.000, 26.000, 9.842), (46.000, 26.000, 11.728), (49.000, 26.000, 13.896), (52.000, 26.000, 15.708), (55.000, 26.000, 16.510), (58.000, 26.000, 15.854), (61.000, 26.000, 13.657), (64.000, 26.000, 10.257), (67.000, 26.000, 6.322), (70.000, 26.000, 2.662), (73.000, 26.000, 0.000), (76.000, 26.000, 0.000), (79.000, 26.000, 0.000), (82.000, 26.000, 0.065), (85.000, 26.000, 1.726), (88.000, 26.000, 3.241), (91.000, 26.000, 4.185), (94.000, 26.000, 4.447), (97.000, 26.000, 4.231), (100.000, 26.000, 3.944), (103.000, 26.000, 4.016), (106.000, 26.000, 4.704), (109.000, 26.000, 5.974), (-110.000, 29.000, 11.536), (-107.000, 29.000, 11.453), (-104.000, 29.000, 11.599), (-101.000, 29.000, 11.538), (-98.000, 29.000, 10.902), (-95.000, 29.000, 9.555), (-92.000, 29.000, 7.683), (-89.000, 29.000, 5.753), (-86.000, 29.000, 4.363), (-83.000, 29.000, 4.037), (-80.000, 29.000, 5.026), (-77.000, 29.000, 7.194), (-74.000, 29.000, 10.033), (-71.000, 29.000, 12.797), (-68.000, 29.000, 14.725), (-65.000, 29.000, 15.269), (-62.000, 29.000, 14.257), (-59.000, 29.000, 11.939), (-56.000, 29.000, 8.895), (-53.000, 29.000, 5.848), (-50.000, 29.000, 3.432), (-47.000, 29.000, 2.013), (-44.000, 29.000, 1.598), (-41.000, 29.000, 1.881), (-38.000, 29.000, 2.394), (-35.000, 29.000, 2.703), (-32.000, 29.000, 2.587), (-29.000, 29.000, 2.125), (-26.000, 29.000, 1.667), (-23.000, 29.000, 1.689), (-20.000, 29.000, 2.602), (-17.000, 29.000, 4.565), (-14.000, 29.000, 7.385), (-11.000, 29.000, 10.541), (-8.000, 29.000, 13.325), (-5.000, 29.000, 15.055), (-2.000, 29.000, 15.300), (1.000, 29.000, 14.019), (4.000, 29.000, 11.588), (7.000, 29.000, 8.689), (10.000, 29.000, 6.103), (13.000, 29.000, 4.481), (16.000, 29.000, 4.150), (19.000, 29.000, 5.046), (22.000, 29.000, 6.758), (25.000, 29.000, 8.701), (28.000, 29.000, 10.321), (31.000, 29.000, 11.284), (34.000, 29.000, 11.572), (37.000, 29.000, 11.459), (40.000, 29.000, 11.371), (43.000, 29.000, 11.699), (46.000, 29.000, 12.617), (49.000, 29.000, 13.986), (52.000, 29.000, 15.378), (55.000, 29.000, 16.209), (58.000, 29.000, 15.947), (61.000, 29.000, 14.313), (64.000, 29.000, 11.407), (67.000, 29.000, 7.713), (70.000, 29.000, 3.974), (73.000, 29.000, 0.980), (76.000, 29.000, 0.000), (79.000, 29.000, 0.000), (82.000, 29.000, 0.624), (85.000, 29.000, 2.842), (88.000, 29.000, 5.231), (91.000, 29.000, 7.143), (94.000, 29.000, 8.186), (97.000, 29.000, 8.318), (100.000, 29.000, 7.818), (103.000, 29.000, 7.150), (106.000, 29.000, 6.767), (109.000, 29.000, 6.923), (-110.000, 32.000, 10.963), (-107.000, 32.000, 10.157), (-104.000, 32.000, 10.075), (-101.000, 32.000, 10.365), (-98.000, 32.000, 10.572), (-95.000, 32.000, 10.329), (-92.000, 32.000, 9.523), (-89.000, 32.000, 8.349), (-86.000, 32.000, 7.244), (-83.000, 32.000, 6.729), (-80.000, 32.000, 7.202), (-77.000, 32.000, 8.764), (-74.000, 32.000, 11.148), (-71.000, 32.000, 13.768), (-68.000, 32.000, 15.885), (-65.000, 32.000, 16.837), (-62.000, 32.000, 16.246), (-59.000, 32.000, 14.145), (-56.000, 32.000, 10.974), (-53.000, 32.000, 7.448), (-50.000, 32.000, 4.337), (-47.000, 32.000, 2.245), (-44.000, 32.000, 1.437), (-41.000, 32.000, 1.793), (-38.000, 32.000, 2.891), (-35.000, 32.000, 4.180), (-32.000, 32.000, 5.188), (-29.000, 32.000, 5.691), (-26.000, 32.000, 5.775), (-23.000, 32.000, 5.781), (-20.000, 32.000, 6.148), (-17.000, 32.000, 7.217), (-14.000, 32.000, 9.065), (-11.000, 32.000, 11.441), (-8.000, 32.000, 13.814), (-5.000, 32.000, 15.538), (-2.000, 32.000, 16.070), (1.000, 32.000, 15.163), (4.000, 32.000, 12.968), (7.000, 32.000, 10.018), (10.000, 32.000, 7.074), (13.000, 32.000, 4.902), (16.000, 32.000, 4.045), (19.000, 32.000, 4.670), (22.000, 32.000, 6.530), (25.000, 32.000, 9.064), (28.000, 32.000, 11.589), (31.000, 32.000, 13.524), (34.000, 32.000, 14.562), (37.000, 32.000, 14.741), (40.000, 32.000, 14.387), (43.000, 32.000, 13.957), (46.000, 32.000, 13.839), (49.000, 32.000, 14.190), (52.000, 32.000, 14.860), (55.000, 32.000, 15.442), (58.000, 32.000, 15.427), (61.000, 32.000, 14.401), (64.000, 32.000, 12.233), (67.000, 32.000, 9.158), (70.000, 32.000, 5.745), (73.000, 32.000, 2.738), (76.000, 32.000, 0.837), (79.000, 32.000, 0.480), (82.000, 32.000, 1.699), (85.000, 32.000, 4.115), (88.000, 32.000, 7.048), (91.000, 32.000, 9.731), (94.000, 32.000, 11.540), (97.000, 32.000, 12.171), (100.000, 32.000, 11.703), (103.000, 32.000, 10.534), (106.000, 32.000, 9.214), (109.000, 32.000, 8.233), (-110.000, 35.000, 10.894), (-107.000, 35.000, 9.314), (-104.000, 35.000, 8.816), (-101.000, 35.000, 9.216), (-98.000, 35.000, 10.071), (-95.000, 35.000, 10.871), (-92.000, 35.000, 11.232), (-89.000, 35.000, 11.042), (-86.000, 35.000, 10.496), (-83.000, 35.000, 10.003), (-80.000, 35.000, 10.019), (-77.000, 35.000, 10.843), (-74.000, 35.000, 12.475), (-71.000, 35.000, 14.573), (-68.000, 35.000, 16.541), (-65.000, 35.000, 17.707), (-62.000, 35.000, 17.554), (-59.000, 35.000, 15.895), (-56.000, 35.000, 12.962), (-53.000, 35.000, 9.350), (-50.000, 35.000, 5.850), (-47.000, 35.000, 3.216), (-44.000, 35.000, 1.947), (-41.000, 35.000, 2.153), (-38.000, 35.000, 3.549), (-35.000, 35.000, 5.573), (-32.000, 35.000, 7.591), (-29.000, 35.000, 9.107), (-26.000, 35.000, 9.916), (-23.000, 35.000, 10.139), (-20.000, 35.000, 10.143), (-17.000, 35.000, 10.364), (-14.000, 35.000, 11.115), (-11.000, 35.000, 12.438), (-8.000, 35.000, 14.067), (-5.000, 35.000, 15.503), (-2.000, 35.000, 16.191), (1.000, 35.000, 15.730), (4.000, 35.000, 14.041), (7.000, 35.000, 11.428), (10.000, 35.000, 8.516), (13.000, 35.000, 6.070), (16.000, 35.000, 4.769), (19.000, 35.000, 4.994), (22.000, 35.000, 6.711), (25.000, 35.000, 9.484), (28.000, 35.000, 12.617), (31.000, 35.000, 15.371), (34.000, 35.000, 17.185), (37.000, 35.000, 17.832), (40.000, 35.000, 17.455), (43.000, 35.000, 16.472), (46.000, 35.000, 15.402), (49.000, 35.000, 14.658), (52.000, 35.000, 14.394), (55.000, 35.000, 14.460), (58.000, 35.000, 14.473), (61.000, 35.000, 13.981), (64.000, 35.000, 12.667), (67.000, 35.000, 10.500), (70.000, 35.000, 7.792), (73.000, 35.000, 5.130), (76.000, 35.000, 3.200), (79.000, 35.000, 2.561), (82.000, 35.000, 3.458), (85.000, 35.000, 5.724), (88.000, 35.000, 8.811), (91.000, 35.000, 11.948), (94.000, 35.000, 14.372), (97.000, 35.000, 15.549), (100.000, 35.000, 15.324), (103.000, 35.000, 13.941), (106.000, 35.000, 11.938), (109.000, 35.000, 9.953), (-110.000, 38.000, 11.370), (-107.000, 38.000, 9.104), (-104.000, 38.000, 8.088), (-101.000, 38.000, 8.363), (-98.000, 38.000, 9.600), (-95.000, 38.000, 11.243), (-92.000, 38.000, 12.713), (-89.000, 38.000, 13.612), (-86.000, 38.000, 13.841), (-83.000, 38.000, 13.612), (-80.000, 38.000, 13.333), (-77.000, 38.000, 13.425), (-74.000, 38.000, 14.134), (-71.000, 38.000, 15.406), (-68.000, 38.000, 16.878), (-65.000, 38.000, 17.990), (-62.000, 38.000, 18.176), (-59.000, 38.000, 17.075), (-56.000, 38.000, 14.683), (-53.000, 38.000, 11.389), (-50.000, 38.000, 7.883), (-47.000, 38.000, 4.960), (-44.000, 38.000, 3.283), (-41.000, 38.000, 3.188), (-38.000, 38.000, 4.590), (-35.000, 38.000, 7.023), (-32.000, 38.000, 9.797), (-29.000, 38.000, 12.225), (-26.000, 38.000, 13.828), (-23.000, 38.000, 14.465), (-20.000, 38.000, 14.338), (-17.000, 38.000, 13.878), (-14.000, 38.000, 13.557), (-11.000, 38.000, 13.692), (-8.000, 38.000, 14.318), (-5.000, 38.000, 15.175), (-2.000, 38.000, 15.807), (1.000, 38.000, 15.746), (4.000, 38.000, 14.714), (7.000, 38.000, 12.754), (10.000, 38.000, 10.264), (13.000, 38.000, 7.891), (16.000, 38.000, 6.340), (19.000, 38.000, 6.147), (22.000, 38.000, 7.497), (25.000, 38.000, 10.153), (28.000, 38.000, 13.517), (31.000, 38.000, 16.805), (34.000, 38.000, 19.284), (37.000, 38.000, 20.479), (40.000, 38.000, 20.301), (43.000, 38.000, 19.038), (46.000, 38.000, 17.231), (49.000, 38.000, 15.471), (52.000, 38.000, 14.192), (55.000, 38.000, 13.539), (58.000, 38.000, 13.341), (61.000, 38.000, 13.212), (64.000, 38.000, 12.729), (67.000, 38.000, 11.625), (70.000, 38.000, 9.923), (73.000, 38.000, 7.959), (76.000, 38.000, 6.289), (79.000, 38.000, 5.497), (82.000, 38.000, 5.990), (85.000, 38.000, 7.828), (88.000, 38.000, 10.676), (91.000, 38.000, 13.878), (94.000, 38.000, 16.647), (97.000, 38.000, 18.295), (100.000, 38.000, 18.443), (103.000, 38.000, 17.125), (106.000, 38.000, 14.769), (109.000, 38.000, 12.047), (-110.000, 41.000, 12.344), (-107.000, 41.000, 9.607), (-104.000, 41.000, 8.089), (-101.000, 41.000, 8.065), (-98.000, 41.000, 9.393), (-95.000, 41.000, 11.580), (-92.000, 41.000, 13.956), (-89.000, 41.000, 15.897), (-86.000, 41.000, 17.017), (-83.000, 41.000, 17.269), (-80.000, 41.000, 16.920), (-77.000, 41.000, 16.413), (-74.000, 41.000, 16.176), (-71.000, 41.000, 16.436), (-68.000, 41.000, 17.124), (-65.000, 41.000, 17.887), (-62.000, 41.000, 18.223), (-59.000, 41.000, 17.672), (-56.000, 41.000, 16.016), (-53.000, 41.000, 13.390), (-50.000, 41.000, 10.284), (-47.000, 41.000, 7.410), (-44.000, 41.000, 5.496), (-41.000, 41.000, 5.054), (-38.000, 41.000, 6.222), (-35.000, 41.000, 8.709), (-32.000, 41.000, 11.888), (-29.000, 41.000, 14.986), (-26.000, 41.000, 17.316), (-23.000, 41.000, 18.477), (-20.000, 41.000, 18.448), (-17.000, 41.000, 17.556), (-14.000, 41.000, 16.330), (-11.000, 41.000, 15.295), (-8.000, 41.000, 14.781), (-5.000, 41.000, 14.820), (-2.000, 41.000, 15.148), (1.000, 41.000, 15.336), (4.000, 41.000, 14.976), (7.000, 41.000, 13.869), (10.000, 41.000, 12.132), (13.000, 41.000, 10.194), (16.000, 41.000, 8.669), (19.000, 41.000, 8.155), (22.000, 41.000, 9.018), (25.000, 41.000, 11.251), (28.000, 41.000, 14.446), (31.000, 41.000, 17.896), (34.000, 41.000, 20.801), (37.000, 41.000, 22.503), (40.000, 41.000, 22.677), (43.000, 41.000, 21.415), (46.000, 41.000, 19.177), (49.000, 41.000, 16.624), (52.000, 41.000, 14.402), (55.000, 41.000, 12.935), (58.000, 41.000, 12.320), (61.000, 41.000, 12.328), (64.000, 41.000, 12.533), (67.000, 41.000, 12.500), (70.000, 41.000, 11.975), (73.000, 41.000, 10.995), (76.000, 41.000, 9.890), (79.000, 41.000, 9.159), (82.000, 41.000, 9.283), (85.000, 41.000, 10.526), (88.000, 41.000, 12.803), (91.000, 41.000, 15.669), (94.000, 41.000, 18.432), (97.000, 41.000, 20.358), (100.000, 41.000, 20.898), (103.000, 41.000, 19.866), (106.000, 41.000, 17.503), (109.000, 41.000, 14.402), (-110.000, 44.000, 13.691), (-107.000, 44.000, 10.800), (-104.000, 44.000, 8.918), (-101.000, 44.000, 8.520), (-98.000, 44.000, 9.683), (-95.000, 44.000, 12.069), (-92.000, 44.000, 15.032), (-89.000, 44.000, 17.820), (-86.000, 44.000, 19.813), (-83.000, 44.000, 20.692), (-80.000, 44.000, 20.509), (-77.000, 44.000, 19.629), (-74.000, 44.000, 18.567), (-71.000, 44.000, 17.781), (-68.000, 44.000, 17.501), (-65.000, 44.000, 17.652), (-62.000, 44.000, 17.894), (-59.000, 44.000, 17.774), (-56.000, 44.000, 16.918), (-53.000, 44.000, 15.208), (-50.000, 44.000, 12.865), (-47.000, 44.000, 10.413), (-44.000, 44.000, 8.524), (-41.000, 44.000, 7.807), (-38.000, 44.000, 8.592), (-35.000, 44.000, 10.813), (-32.000, 44.000, 14.002), (-29.000, 44.000, 17.421), (-26.000, 44.000, 20.277), (-23.000, 44.000, 21.958), (-20.000, 44.000, 22.201), (-17.000, 44.000, 21.154), (-14.000, 44.000, 19.295), (-11.000, 44.000, 17.259), (-8.000, 44.000, 15.618), (-5.000, 44.000, 14.697), (-2.000, 44.000, 14.493), (1.000, 44.000, 14.712), (4.000, 44.000, 14.916), (7.000, 44.000, 14.717), (10.000, 44.000, 13.951), (13.000, 44.000, 12.764), (16.000, 44.000, 11.574), (19.000, 44.000, 10.931), (22.000, 44.000, 11.308), (25.000, 44.000, 12.913), (28.000, 44.000, 15.580), (31.000, 44.000, 18.784), (34.000, 44.000, 21.779), (37.000, 44.000, 23.824), (40.000, 44.000, 24.401), (43.000, 44.000, 23.380), (46.000, 44.000, 21.052), (49.000, 44.000, 18.036), (52.000, 44.000, 15.084), (55.000, 44.000, 12.848), (58.000, 44.000, 11.691), (61.000, 44.000, 11.610), (64.000, 44.000, 12.272), (67.000, 44.000, 13.174), (70.000, 44.000, 13.844), (73.000, 44.000, 14.020), (76.000, 44.000, 13.741), (79.000, 44.000, 13.325), (82.000, 44.000, 13.223), (85.000, 44.000, 13.833), (88.000, 44.000, 15.315), (91.000, 44.000, 17.492), (94.000, 44.000, 19.873), (97.000, 44.000, 21.795), (100.000, 44.000, 22.632), (103.000, 44.000, 22.009), (106.000, 44.000, 19.942), (109.000, 44.000, 16.854), (-110.000, 47.000, 15.244), (-107.000, 47.000, 12.571), (-104.000, 47.000, 10.567), (-101.000, 47.000, 9.834), (-98.000, 47.000, 10.658), (-95.000, 47.000, 12.912), (-92.000, 47.000, 16.077), (-89.000, 47.000, 19.398), (-86.000, 47.000, 22.105), (-83.000, 47.000, 23.644), (-80.000, 47.000, 23.821), (-77.000, 47.000, 22.839), (-74.000, 47.000, 21.192), (-71.000, 47.000, 19.478), (-68.000, 47.000, 18.188), (-65.000, 47.000, 17.547), (-62.000, 47.000, 17.456), (-59.000, 47.000, 17.567), (-56.000, 47.000, 17.443), (-53.000, 47.000, 16.757), (-50.000, 47.000, 15.444), (-47.000, 47.000, 13.759), (-44.000, 47.000, 12.210), (-41.000, 47.000, 11.390), (-38.000, 47.000, 11.762), (-35.000, 47.000, 13.480), (-32.000, 47.000, 16.303), (-29.000, 47.000, 19.639), (-26.000, 47.000, 22.710), (-23.000, 47.000, 24.780), (-20.000, 47.000, 25.375), (-17.000, 47.000, 24.422), (-14.000, 47.000, 22.258), (-11.000, 47.000, 19.516), (-8.000, 47.000, 16.911), (-5.000, 47.000, 15.023), (-2.000, 47.000, 14.128), (1.000, 47.000, 14.144), (4.000, 47.000, 14.704), (7.000, 47.000, 15.324), (10.000, 47.000, 15.602), (13.000, 47.000, 15.383), (16.000, 47.000, 14.814), (19.000, 47.000, 14.292), (22.000, 47.000, 14.296), (25.000, 47.000, 15.193), (28.000, 47.000, 17.066), (31.000, 47.000, 19.644), (34.000, 47.000, 22.351), (37.000, 47.000, 24.475), (40.000, 47.000, 25.388), (43.000, 47.000, 24.757), (46.000, 47.000, 22.656), (49.000, 47.000, 19.563), (52.000, 47.000, 16.213), (55.000, 47.000, 13.389), (58.000, 47.000, 11.682), (61.000, 47.000, 11.333), (64.000, 47.000, 12.188), (67.000, 47.000, 13.779), (70.000, 47.000, 15.508), (73.000, 47.000, 16.862), (76.000, 47.000, 17.579), (79.000, 47.000, 17.716), (82.000, 47.000, 17.600), (85.000, 47.000, 17.668), (88.000, 47.000, 18.269), (91.000, 47.000, 19.508), (94.000, 47.000, 21.166), (97.000, 47.000, 22.761), (100.000, 47.000, 23.700), (103.000, 47.000, 23.490), (106.000, 47.000, 21.934), (109.000, 47.000, 19.223), (-110.000, 50.000, 16.827), (-107.000, 50.000, 14.738), (-104.000, 50.000, 12.923), (-101.000, 50.000, 12.004), (-98.000, 50.000, 12.426), (-95.000, 50.000, 14.283), (-92.000, 50.000, 17.266), (-89.000, 50.000, 20.727), (-86.000, 50.000, 23.868), (-83.000, 50.000, 25.972), (-80.000, 50.000, 26.619), (-77.000, 50.000, 25.792), (-74.000, 50.000, 23.870), (-71.000, 50.000, 21.481), (-68.000, 50.000, 19.294), (-65.000, 50.000, 17.805), (-62.000, 50.000, 17.193), (-59.000, 50.000, 17.303), (-56.000, 50.000, 17.735), (-53.000, 50.000, 18.035), (-50.000, 50.000, 17.880), (-47.000, 50.000, 17.225), (-44.000, 50.000, 16.323), (-41.000, 50.000, 15.643), (-38.000, 50.000, 15.686), (-35.000, 50.000, 16.782), (-32.000, 50.000, 18.939), (-29.000, 50.000, 21.796), (-26.000, 50.000, 24.706), (-23.000, 50.000, 26.924), (-20.000, 50.000, 27.835), (-17.000, 50.000, 27.151), (-14.000, 50.000, 25.008), (-11.000, 50.000, 21.926), (-8.000, 50.000, 18.651), (-5.000, 50.000, 15.933), (-2.000, 50.000, 14.298), (1.000, 50.000, 13.916), (4.000, 50.000, 14.577), (7.000, 50.000, 15.805), (10.000, 50.000, 17.045), (13.000, 50.000, 17.871), (16.000, 50.000, 18.132), (19.000, 50.000, 17.984), (22.000, 50.000, 17.811), (25.000, 50.000, 18.049), (28.000, 50.000, 18.995), (31.000, 50.000, 20.654), (34.000, 50.000, 22.707), (37.000, 50.000, 24.587), (40.000, 50.000, 25.664), (43.000, 50.000, 25.459), (46.000, 50.000, 23.829), (49.000, 50.000, 21.033), (52.000, 50.000, 17.683), (55.000, 50.000, 14.571), (58.000, 50.000, 12.433), (61.000, 50.000, 11.732), (64.000, 50.000, 12.535), (67.000, 50.000, 14.504), (70.000, 50.000, 17.029), (73.000, 50.000, 19.429), (76.000, 50.000, 21.175), (79.000, 50.000, 22.042), (82.000, 50.000, 22.145), (85.000, 50.000, 21.857), (88.000, 50.000, 21.636), (91.000, 50.000, 21.828), (94.000, 50.000, 22.515), (97.000, 50.000, 23.476), (100.000, 50.000, 24.259), (103.000, 50.000, 24.355), (106.000, 50.000, 23.403), (109.000, 50.000, 21.349), (-110.000, 53.000, 18.299), (-107.000, 53.000, 17.095), (-104.000, 53.000, 15.791), (-101.000, 53.000, 14.918), (-98.000, 53.000, 14.990), (-95.000, 53.000, 16.296), (-92.000, 53.000, 18.768), (-89.000, 53.000, 21.962), (-86.000, 53.000, 25.172), (-83.000, 53.000, 27.629), (-80.000, 53.000, 28.740), (-77.000, 53.000, 28.266), (-74.000, 53.000, 26.393), (-71.000, 53.000, 23.672), (-68.000, 53.000, 20.839), (-65.000, 53.000, 18.589), (-62.000, 53.000, 17.369), (-59.000, 53.000, 17.265), (-56.000, 53.000, 18.012), (-53.000, 53.000, 19.127), (-50.000, 53.000, 20.105), (-47.000, 53.000, 20.610), (-44.000, 53.000, 20.600), (-41.000, 53.000, 20.325), (-38.000, 53.000, 20.215), (-35.000, 53.000, 20.700), (-32.000, 53.000, 22.011), (-29.000, 53.000, 24.059), (-26.000, 53.000, 26.427), (-23.000, 53.000, 28.478), (-20.000, 53.000, 29.557), (-17.000, 53.000, 29.211), (-14.000, 53.000, 27.354), (-11.000, 53.000, 24.313), (-8.000, 53.000, 20.751), (-5.000, 53.000, 17.468), (-2.000, 53.000, 15.175), (1.000, 53.000, 14.281), (4.000, 53.000, 14.792), (7.000, 53.000, 16.339), (10.000, 53.000, 18.321), (13.000, 53.000, 20.117), (16.000, 53.000, 21.293), (19.000, 53.000, 21.724), (22.000, 53.000, 21.606), (25.000, 53.000, 21.345), (28.000, 53.000, 21.372), (31.000, 53.000, 21.952), (34.000, 53.000, 23.060), (37.000, 53.000, 24.371), (40.000, 53.000, 25.361), (43.000, 53.000, 25.505), (46.000, 53.000, 24.474), (49.000, 53.000, 22.286), (52.000, 53.000, 19.340), (55.000, 53.000, 16.315), (58.000, 53.000, 13.980), (61.000, 53.000, 12.958), (64.000, 53.000, 13.533), (67.000, 53.000, 15.565), (70.000, 53.000, 18.535), (73.000, 53.000, 21.712), (76.000, 53.000, 24.378), (79.000, 53.000, 26.040), (82.000, 53.000, 26.561), (85.000, 53.000, 26.161), (88.000, 53.000, 25.302), (91.000, 53.000, 24.492), (94.000, 53.000, 24.093), (97.000, 53.000, 24.183), (100.000, 53.000, 24.543), (103.000, 53.000, 24.752), (106.000, 53.000, 24.370), (109.000, 53.000, 23.131), (-110.000, 56.000, 19.578), (-107.000, 56.000, 19.446), (-104.000, 56.000, 18.929), (-101.000, 56.000, 18.372), (-98.000, 56.000, 18.250), (-95.000, 56.000, 18.975), (-92.000, 56.000, 20.713), (-89.000, 56.000, 23.280), (-86.000, 56.000, 26.166), (-83.000, 56.000, 28.672), (-80.000, 56.000, 30.126), (-77.000, 56.000, 30.100), (-74.000, 56.000, 28.559), (-71.000, 56.000, 25.883), (-68.000, 56.000, 22.758), (-65.000, 56.000, 19.972), (-62.000, 56.000, 18.182), (-59.000, 56.000, 17.721), (-56.000, 56.000, 18.527), (-53.000, 56.000, 20.194), (-50.000, 56.000, 22.130), (-47.000, 56.000, 23.776), (-44.000, 56.000, 24.791), (-41.000, 56.000, 25.148), (-38.000, 56.000, 25.114), (-35.000, 56.000, 25.114), (-32.000, 56.000, 25.539), (-29.000, 56.000, 26.568), (-26.000, 56.000, 28.068), (-23.000, 56.000, 29.613), (-20.000, 56.000, 30.625), (-17.000, 56.000, 30.569), (-14.000, 56.000, 29.164), (-11.000, 56.000, 26.501), (-8.000, 56.000, 23.059), (-5.000, 56.000, 19.574), (-2.000, 56.000, 16.828), (1.000, 56.000, 15.421), (4.000, 56.000, 15.589), (7.000, 56.000, 17.145), (10.000, 56.000, 19.549), (13.000, 56.000, 22.094), (16.000, 56.000, 24.126), (19.000, 56.000, 25.243), (22.000, 56.000, 25.398), (25.000, 56.000, 24.867), (28.000, 56.000, 24.118), (31.000, 56.000, 23.609), (34.000, 56.000, 23.604), (37.000, 56.000, 24.073), (40.000, 56.000, 24.702), (43.000, 56.000, 25.019), (46.000, 56.000, 24.591), (49.000, 56.000, 23.211), (52.000, 56.000, 21.013), (55.000, 56.000, 18.468), (58.000, 56.000, 16.256), (61.000, 56.000, 15.057), (64.000, 56.000, 15.332), (67.000, 56.000, 17.160), (70.000, 56.000, 20.202), (73.000, 56.000, 23.789), (76.000, 56.000, 27.126), (79.000, 56.000, 29.519), (82.000, 56.000, 30.578), (85.000, 56.000, 30.309), (88.000, 56.000, 29.077), (91.000, 56.000, 27.453), (94.000, 56.000, 26.007), (97.000, 56.000, 25.110), (100.000, 56.000, 24.824), (103.000, 56.000, 24.911), (106.000, 56.000, 24.955), (109.000, 56.000, 24.550), (-110.000, 59.000, 20.667), (-107.000, 59.000, 21.643), (-104.000, 59.000, 22.095), (-101.000, 59.000, 22.104), (-98.000, 59.000, 22.007), (-95.000, 59.000, 22.243), (-92.000, 59.000, 23.159), (-89.000, 59.000, 24.841), (-86.000, 59.000, 27.046), (-83.000, 59.000, 29.255), (-80.000, 59.000, 30.830), (-77.000, 59.000, 31.232), (-74.000, 59.000, 30.215), (-71.000, 59.000, 27.934), (-68.000, 59.000, 24.919), (-65.000, 59.000, 21.930), (-62.000, 59.000, 19.736), (-59.000, 59.000, 18.882), (-56.000, 59.000, 19.533), (-53.000, 59.000, 21.444), (-50.000, 59.000, 24.050), (-47.000, 59.000, 26.663), (-44.000, 59.000, 28.694), (-41.000, 59.000, 29.828), (-38.000, 59.000, 30.096), (-35.000, 59.000, 29.820), (-32.000, 59.000, 29.458), (-29.000, 59.000, 29.402), (-26.000, 59.000, 29.815), (-23.000, 59.000, 30.555), (-20.000, 59.000, 31.222), (-17.000, 59.000, 31.305), (-14.000, 59.000, 30.394), (-11.000, 59.000, 28.351), (-8.000, 59.000, 25.404), (-5.000, 59.000, 22.115), (-2.000, 59.000, 19.223), (1.000, 59.000, 17.423), (4.000, 59.000, 17.150), (7.000, 59.000, 18.436), (10.000, 59.000, 20.899), (13.000, 59.000, 23.860), (16.000, 59.000, 26.546), (19.000, 59.000, 28.332), (22.000, 59.000, 28.909), (25.000, 59.000, 28.355), (28.000, 59.000, 27.071), (31.000, 59.000, 25.611), (34.000, 59.000, 24.477), (37.000, 59.000, 23.940), (40.000, 59.000, 23.958), (43.000, 59.000, 24.218), (46.000, 59.000, 24.279), (49.000, 59.000, 23.770), (52.000, 59.000, 22.559), (55.000, 59.000, 20.841), (58.000, 59.000, 19.101), (61.000, 59.000, 17.964), (64.000, 59.000, 17.981), (67.000, 59.000, 19.434), (70.000, 59.000, 22.206), (73.000, 59.000, 25.798), (76.000, 59.000, 29.453), (79.000, 59.000, 32.380), (82.000, 59.000, 33.986), (85.000, 59.000, 34.040), (88.000, 59.000, 32.733), (91.000, 59.000, 30.589), (94.000, 59.000, 28.285), (97.000, 59.000, 26.428), (100.000, 59.000, 25.367), (103.000, 59.000, 25.111), (106.000, 59.000, 25.364), (109.000, 59.000, 25.676), (-110.000, 62.000, 21.650), (-107.000, 62.000, 23.616), (-104.000, 62.000, 25.082), (-101.000, 62.000, 25.838), (-98.000, 62.000, 25.999), (-95.000, 62.000, 25.932), (-92.000, 62.000, 26.077), (-89.000, 62.000, 26.752), (-86.000, 62.000, 28.010), (-83.000, 62.000, 29.592), (-80.000, 62.000, 31.008), (-77.000, 62.000, 31.708), (-74.000, 62.000, 31.290), (-71.000, 62.000, 29.672), (-68.000, 62.000, 27.154), (-65.000, 62.000, 24.353), (-62.000, 62.000, 22.033), (-59.000, 62.000, 20.867), (-56.000, 62.000, 21.234), (-53.000, 62.000, 23.097), (-50.000, 62.000, 26.019), (-47.000, 62.000, 29.298), (-44.000, 62.000, 32.187), (-41.000, 62.000, 34.121), (-38.000, 62.000, 34.864), (-35.000, 62.000, 34.555), (-32.000, 62.000, 33.613), (-29.000, 62.000, 32.560), (-26.000, 62.000, 31.814), (-23.000, 62.000, 31.539), (-20.000, 62.000, 31.593), (-17.000, 62.000, 31.598), (-14.000, 62.000, 31.104), (-11.000, 62.000, 29.791), (-8.000, 62.000, 27.625), (-5.000, 62.000, 24.910), (-2.000, 62.000, 22.227), (1.000, 62.000, 20.258), (4.000, 62.000, 19.561), (7.000, 62.000, 20.383), (10.000, 62.000, 22.558), (13.000, 62.000, 25.541), (16.000, 62.000, 28.564), (19.000, 62.000, 30.865), (22.000, 62.000, 31.911), (25.000, 62.000, 31.545), (28.000, 62.000, 30.016), (31.000, 62.000, 27.866), (34.000, 62.000, 25.741), (37.000, 62.000, 24.172), (40.000, 62.000, 23.412), (43.000, 62.000, 23.381), (46.000, 62.000, 23.732), (49.000, 62.000, 24.019), (52.000, 62.000, 23.890), (55.000, 62.000, 23.247), (58.000, 62.000, 22.302), (61.000, 62.000, 21.513), (64.000, 62.000, 21.421), (67.000, 62.000, 22.442), (70.000, 62.000, 24.692), (73.000, 62.000, 27.903), (76.000, 62.000, 31.473), (79.000, 62.000, 34.633), (82.000, 62.000, 36.670), (85.000, 62.000, 37.148), (88.000, 62.000, 36.038), (91.000, 62.000, 33.722), (94.000, 62.000, 30.870), (97.000, 62.000, 28.228), (100.000, 62.000, 26.390), (103.000, 62.000, 25.631), (106.000, 62.000, 25.854), (109.000, 62.000, 26.667), (-110.000, 65.000, 22.678), (-107.000, 65.000, 25.378), (-104.000, 65.000, 27.754), (-101.000, 65.000, 29.323), (-98.000, 65.000, 29.939), (-95.000, 65.000, 29.803), (-92.000, 65.000, 29.346), (-89.000, 65.000, 29.045), (-86.000, 65.000, 29.224), (-83.000, 65.000, 29.925), (-80.000, 65.000, 30.895), (-77.000, 65.000, 31.679), (-74.000, 65.000, 31.811), (-71.000, 65.000, 31.005), (-68.000, 65.000, 29.297), (-65.000, 65.000, 27.073), (-62.000, 65.000, 24.971), (-59.000, 65.000, 23.687), (-56.000, 65.000, 23.750), (-53.000, 65.000, 25.341), (-50.000, 65.000, 28.219), (-47.000, 65.000, 31.783), (-44.000, 65.000, 35.244), (-41.000, 65.000, 37.862), (-38.000, 65.000, 39.158), (-35.000, 65.000, 39.038), (-32.000, 65.000, 37.790), (-29.000, 65.000, 35.958), (-26.000, 65.000, 34.136), (-23.000, 65.000, 32.770), (-20.000, 65.000, 32.012), (-17.000, 65.000, 31.698), (-14.000, 65.000, 31.449), (-11.000, 65.000, 30.843), (-8.000, 65.000, 29.609), (-5.000, 65.000, 27.765), (-2.000, 65.000, 25.643), (1.000, 65.000, 23.794), (4.000, 65.000, 22.803), (7.000, 65.000, 23.080), (10.000, 65.000, 24.689), (13.000, 65.000, 27.304), (16.000, 65.000, 30.276), (19.000, 65.000, 32.822), (22.000, 65.000, 34.260), (25.000, 65.000, 34.214), (28.000, 65.000, 32.722), (31.000, 65.000, 30.215), (34.000, 65.000, 27.371), (37.000, 65.000, 24.896), (40.000, 65.000, 23.310), (43.000, 65.000, 22.802), (46.000, 65.000, 23.205), (49.000, 65.000, 24.101), (52.000, 65.000, 25.000), (55.000, 65.000, 25.540), (58.000, 65.000, 25.626), (61.000, 65.000, 25.468), (64.000, 65.000, 25.486), (67.000, 65.000, 26.142), (70.000, 65.000, 27.737), (73.000, 65.000, 30.262), (76.000, 65.000, 33.355), (79.000, 65.000, 36.383), (82.000, 65.000, 38.628), (85.000, 65.000, 39.515), (88.000, 65.000, 38.797), (91.000, 65.000, 36.652), (94.000, 65.000, 33.634), (97.000, 65.000, 30.509), (100.000, 65.000, 28.029), (103.000, 65.000, 26.711), (106.000, 65.000, 26.695), (109.000, 65.000, 27.735), (-110.000, 68.000, 23.942), (-107.000, 68.000, 27.023), (-104.000, 68.000, 30.064), (-101.000, 68.000, 32.378), (-98.000, 68.000, 33.558), (-95.000, 68.000, 33.582), (-92.000, 68.000, 32.776), (-89.000, 68.000, 31.668), (-86.000, 68.000, 30.790), (-83.000, 68.000, 30.476), (-80.000, 68.000, 30.760), (-77.000, 68.000, 31.382), (-74.000, 68.000, 31.909), (-71.000, 68.000, 31.927), (-68.000, 68.000, 31.223), (-65.000, 68.000, 29.901), (-62.000, 68.000, 28.375), (-59.000, 68.000, 27.245), (-56.000, 68.000, 27.099), (-53.000, 68.000, 28.296), (-50.000, 68.000, 30.824), (-47.000, 68.000, 34.270), (-44.000, 68.000, 37.926), (-41.000, 68.000, 40.987), (-38.000, 68.000, 42.792), (-35.000, 68.000, 43.014), (-32.000, 68.000, 41.744), (-29.000, 68.000, 39.440), (-26.000, 68.000, 36.771), (-23.000, 68.000, 34.388), (-20.000, 68.000, 32.727), (-17.000, 68.000, 31.892), (-14.000, 68.000, 31.663), (-11.000, 68.000, 31.618), (-8.000, 68.000, 31.321), (-5.000, 68.000, 30.517), (-2.000, 68.000, 29.240), (1.000, 68.000, 27.817), (4.000, 68.000, 26.747), (7.000, 68.000, 26.518), (10.000, 68.000, 27.399), (13.000, 68.000, 29.316), (16.000, 68.000, 31.837), (19.000, 68.000, 34.281), (22.000, 68.000, 35.921), (25.000, 68.000, 36.216), (28.000, 68.000, 34.984), (31.000, 68.000, 32.468), (34.000, 68.000, 29.265), (37.000, 68.000, 26.148), (40.000, 68.000, 23.827), (43.000, 68.000, 22.750), (46.000, 68.000, 22.982), (49.000, 68.000, 24.229), (52.000, 68.000, 25.965), (55.000, 68.000, 27.639), (58.000, 68.000, 28.867), (61.000, 68.000, 29.561), (64.000, 68.000, 29.933), (67.000, 68.000, 30.386), (70.000, 68.000, 31.328), (73.000, 68.000, 32.986), (76.000, 68.000, 35.278), (79.000, 68.000, 37.806), (82.000, 68.000, 39.962), (85.000, 68.000, 41.129), (88.000, 68.000, 40.893), (91.000, 68.000, 39.201), (94.000, 68.000, 36.407), (97.000, 68.000, 33.181), (100.000, 68.000, 30.321), (103.000, 68.000, 28.511), (106.000, 68.000, 28.124), (109.000, 68.000, 29.122)]
        int[] faceVertexCounts = [4, 4, 4, 4, 4, 4, 4, 4, 4, 4, 4, 4, 4, 4, 4, 4, 4, 4, 4, 4, 4, 4, 4, 4, 4, 4, 4, 4, 4, 4, 4, 4, 4, 4, 4, 4, 4, 4, 4, 4, 4, 4, 4, 4, 4, 4, 4, 4, 4, 4, 4, 4, 4, 4, 4, 4, 4, 4, 4, 4, 4, 4, 4, 4, 4, 4, 4, 4, 4, 4, 4, 4, 4, 4, 4, 4, 4, 4, 4, 4, 4, 4, 4, 4, 4, 4, 4, 4, 4, 4, 4, 4, 4, 4, 4, 4, 4, 4, 4, 4, 4, 4, 4, 4, 4, 4, 4, 4, 4, 4, 4, 4, 4, 4, 4, 4, 4, 4, 4, 4, 4, 4, 4, 4, 4, 4, 4, 4, 4, 4, 4, 4, 4, 4, 4, 4, 4, 4, 4, 4, 4, 4, 4, 4, 4, 4, 4, 4, 4, 4, 4, 4, 4, 4, 4, 4, 4, 4, 4, 4, 4, 4, 4, 4, 4, 4, 4, 4, 4, 4, 4, 4, 4, 4, 4, 4, 4, 4, 4, 4, 4, 4, 4, 4, 4, 4, 4, 4, 4, 4, 4, 4, 4, 4, 4, 4, 4, 4, 4, 4, 4, 4, 4, 4, 4, 4, 4, 4, 4, 4, 4, 4, 4, 4, 4, 4, 4, 4, 4, 4, 4, 4, 4, 4, 4, 4, 4, 4, 4, 4, 4, 4, 4, 4, 4, 4, 4, 4, 4, 4, 4, 4, 4, 4, 4, 4, 4, 4, 4, 4, 4, 4, 4, 4, 4, 4, 4, 4, 4, 4, 4, 4, 4, 4, 4, 4, 4, 4, 4, 4, 4, 4, 4, 4, 4, 4, 4, 4, 4, 4, 4, 4, 4, 4, 4, 4, 4, 4, 4, 4, 4, 4, 4, 4, 4, 4, 4, 4, 4, 4, 4, 4, 4, 4, 4, 4, 4, 4, 4, 4, 4, 4, 4, 4, 4, 4, 4, 4, 4, 4, 4, 4, 4, 4, 4, 4, 4, 4, 4, 4, 4, 4, 4, 4, 4, 4, 4, 4, 4, 4, 4, 4, 4, 4, 4, 4, 4, 4, 4, 4, 4, 4, 4, 4, 4, 4, 4, 4, 4, 4, 4, 4, 4, 4, 4, 4, 4, 4, 4, 4, 4, 4, 4, 4, 4, 4, 4, 4, 4, 4, 4, 4, 4, 4, 4, 4, 4, 4, 4, 4, 4, 4, 4, 4, 4, 4, 4, 4, 4, 4, 4, 4, 4, 4, 4, 4, 4, 4, 4, 4, 4, 4, 4, 4, 4, 4, 4, 4, 4, 4, 4, 4, 4, 4, 4, 4, 4, 4, 4, 4, 4, 4, 4, 4, 4, 4, 4, 4, 4, 4, 4, 4, 4, 4, 4, 4, 4, 4, 4, 4, 4, 4, 4, 4, 4, 4, 4, 4, 4, 4, 4, 4, 4, 4, 4, 4, 4, 4, 4, 4, 4, 4, 4, 4, 4, 4, 4, 4, 4, 4, 4, 4, 4, 4, 4, 4, 4, 4, 4, 4, 4, 4, 4, 4, 4, 4, 4, 4, 4, 4, 4, 4, 4, 4, 4, 4, 4, 4, 4, 4, 4, 4, 4, 4, 4, 4, 4, 4, 4, 4, 4, 4, 4, 4, 4, 4, 4, 4, 4, 4, 4, 4, 4, 4, 4, 4, 4, 4, 4, 4, 4, 4, 4, 4, 4, 4, 4, 4, 4, 4, 4, 4, 4, 4, 4, 4, 4, 4, 4, 4, 4, 4, 4, 4, 4, 4, 4, 4, 4, 4, 4, 4, 4, 4, 4, 4, 4, 4, 4, 4, 4, 4, 4, 4, 4, 4, 4, 4, 4, 4, 4, 4, 4, 4, 4, 4, 4, 4, 4, 4, 4, 4, 4, 4, 4, 4, 4, 4, 4, 4, 4, 4, 4, 4, 4, 4, 4, 4, 4, 4, 4, 4, 4, 4, 4, 4, 4, 4, 4, 4, 4, 4, 4, 4, 4, 4, 4, 4, 4, 4, 4, 4, 4, 4, 4, 4, 4, 4, 4, 4, 4, 4, 4, 4, 4, 4, 4, 4, 4, 4, 4, 4, 4, 4, 4, 4, 4, 4, 4, 4, 4, 4, 4, 4, 4, 4, 4, 4, 4, 4, 4, 4, 4, 4, 4, 4, 4, 4, 4, 4, 4, 4, 4, 4, 4, 4, 4, 4, 4, 4, 4, 4, 4, 4, 4, 4, 4, 4, 4, 4, 4, 4, 4, 4, 4, 4, 4, 4, 4, 4, 4, 4, 4, 4, 4, 4, 4, 4, 4, 4, 4, 4, 4, 4, 4, 4, 4, 4, 4, 4, 4, 4, 4, 4, 4, 4, 4, 4, 4, 4, 4, 4, 4, 4, 4, 4, 4, 4, 4, 4, 4, 4, 4, 4, 4, 4, 4, 4, 4, 4, 4, 4, 4, 4, 4, 4, 4, 4, 4, 4, 4, 4, 4, 4, 4, 4, 4, 4, 4, 4, 4, 4, 4, 4, 4, 4, 4, 4, 4, 4, 4, 4, 4, 4, 4, 4, 4, 4, 4, 4, 4, 4, 4, 4, 4, 4, 4, 4, 4, 4, 4, 4, 4, 4, 4, 4, 4, 4, 4, 4, 4, 4, 4, 4, 4, 4, 4, 4, 4, 4, 4, 4, 4, 4, 4, 4, 4, 4, 4, 4, 4, 4, 4, 4, 4, 4, 4, 4, 4, 4, 4, 4, 4, 4, 4, 4, 4, 4, 4, 4, 4, 4, 4, 4, 4, 4, 4, 4, 4, 4, 4, 4, 4, 4, 4, 4, 4, 4, 4, 4, 4, 4, 4, 4, 4, 4, 4, 4, 4, 4, 4, 4, 4, 4, 4, 4, 4, 4, 4, 4, 4, 4, 4, 4, 4, 4, 4, 4, 4, 4, 4, 4, 4, 4, 4, 4, 4, 4, 4, 4, 4, 4, 4, 4, 4, 4, 4, 4, 4, 4, 4, 4, 4, 4, 4, 4, 4, 4, 4, 4, 4, 4, 4, 4, 4, 4, 4, 4, 4, 4, 4, 4, 4, 4, 4, 4, 4, 4, 4, 4, 4, 4, 4, 4, 4, 4, 4, 4, 4, 4, 4, 4, 4, 4, 4, 4, 4, 4, 4, 4, 4, 4, 4, 4, 4, 4, 4, 4, 4, 4, 4, 4, 4, 4, 4, 4, 4, 4, 4, 4, 4, 4, 4, 4, 4, 4, 4, 4, 4, 4, 4, 4, 4, 4, 4, 4, 4, 4, 4, 4, 4, 4, 4, 4, 4, 4, 4, 4, 4, 4, 4, 4, 4, 4, 4, 4, 4, 4, 4, 4, 4, 4, 4, 4, 4, 4, 4, 4, 4, 4, 4, 4, 4, 4, 4, 4, 4, 4, 4, 4, 4, 4, 4, 4, 4, 4, 4, 4, 4, 4, 4, 4, 4, 4, 4, 4, 4, 4, 4, 4, 4, 4, 4, 4, 4, 4, 4, 4, 4, 4, 4, 4, 4, 4, 4, 4, 4, 4, 4, 4, 4, 4, 4, 4, 4, 4, 4, 4, 4, 4, 4, 4, 4, 4, 4, 4, 4, 4, 4, 4, 4, 4, 4, 4, 4, 4, 4, 4, 4, 4, 4, 4, 4, 4, 4, 4, 4, 4, 4, 4, 4, 4, 4, 4, 4, 4, 4, 4, 4, 4, 4, 4, 4, 4, 4, 4, 4, 4, 4, 4, 4, 4, 4, 4, 4, 4, 4, 4, 4, 4, 4, 4, 4, 4, 4, 4, 4, 4, 4, 4, 4, 4, 4, 4, 4, 4, 4, 4, 4, 4, 4, 4, 4, 4, 4, 4, 4, 4, 4, 4, 4, 4, 4, 4, 4, 4, 4, 4, 4, 4, 4, 4, 4, 4, 4, 4, 4, 4, 4, 4, 4, 4, 4, 4, 4, 4, 4, 4, 4, 4, 4, 4, 4, 4, 4, 4, 4, 4, 4, 4, 4, 4, 4, 4, 4, 4, 4, 4, 4, 4, 4, 4, 4, 4, 4, 4, 4, 4, 4, 4, 4, 4, 4, 4, 4, 4, 4, 4, 4, 4, 4, 4, 4, 4, 4, 4, 4, 4, 4, 4, 4, 4, 4, 4, 4, 4, 4, 4, 4, 4, 4, 4, 4, 4, 4, 4, 4, 4, 4, 4, 4, 4, 4, 4, 4, 4, 4, 4, 4, 4, 4, 4, 4, 4, 4, 4, 4, 4, 4, 4, 4, 4, 4, 4, 4, 4, 4, 4, 4, 4, 4, 4, 4, 4, 4, 4, 4, 4, 4, 4, 4, 4, 4, 4, 4, 4, 4, 4, 4, 4, 4, 4, 4, 4, 4, 4, 4, 4, 4, 4, 4, 4, 4, 4, 4, 4, 4, 4, 4, 4, 4, 4, 4, 4, 4, 4, 4, 4, 4, 4, 4, 4, 4, 4, 4, 4, 4, 4, 4, 4, 4, 4, 4, 4, 4, 4, 4, 4, 4, 4, 4, 4, 4, 4, 4, 4, 4, 4, 4, 4, 4, 4, 4, 4, 4, 4, 4, 4, 4, 4, 4, 4, 4, 4, 4, 4, 4, 4, 4, 4, 4, 4, 4, 4, 4, 4, 4, 4, 4, 4, 4, 4, 4, 4, 4, 4, 4, 4, 4, 4, 4, 4, 4, 4, 4, 4, 4, 4, 4, 4, 4, 4, 4, 4, 4, 4, 4, 4, 4, 4, 4, 4, 4, 4, 4, 4, 4, 4, 4, 4, 4, 4, 4, 4, 4, 4, 4, 4, 4, 4, 4, 4, 4, 4, 4, 4, 4, 4, 4, 4, 4, 4, 4, 4, 4, 4, 4, 4, 4, 4, 4, 4, 4, 4, 4, 4, 4, 4, 4, 4, 4, 4, 4, 4, 4, 4, 4, 4, 4, 4, 4, 4, 4, 4, 4, 4, 4, 4, 4, 4, 4, 4, 4, 4, 4, 4, 4, 4, 4, 4, 4, 4, 4, 4, 4, 4, 4, 4, 4, 4, 4, 4, 4, 4, 4, 4, 4, 4, 4, 4, 4, 4, 4, 4, 4, 4, 4, 4, 4, 4, 4, 4, 4, 4, 4, 4, 4, 4, 4, 4, 4, 4, 4, 4, 4, 4, 4, 4, 4, 4, 4, 4, 4, 4, 4, 4, 4, 4, 4, 4, 4, 4, 4, 4, 4, 4, 4, 4, 4, 4, 4, 4, 4, 4, 4, 4, 4, 4, 4, 4, 4, 4, 4, 4, 4, 4, 4, 4, 4, 4, 4, 4, 4, 4, 4, 4, 4, 4, 4, 4, 4, 4, 4, 4, 4, 4, 4, 4, 4, 4, 4, 4, 4, 4, 4, 4, 4, 4, 4, 4, 4, 4, 4, 4, 4, 4, 4, 4, 4, 4, 4, 4, 4, 4, 4, 4, 4, 4, 4, 4, 4, 4, 4, 4, 4, 4, 4, 4, 4, 4, 4, 4, 4, 4, 4, 4, 4, 4, 4, 4, 4, 4, 4, 4, 4, 4, 4, 4, 4, 4, 4, 4, 4, 4, 4, 4, 4, 4, 4, 4, 4, 4, 4, 4, 4, 4, 4, 4, 4, 4, 4, 4, 4, 4, 4, 4, 4, 4, 4, 4, 4, 4, 4, 4, 4, 4, 4, 4, 4, 4, 4, 4, 4, 4, 4, 4, 4, 4, 4, 4, 4, 4, 4, 4, 4, 4, 4, 4, 4, 4, 4, 4, 4, 4, 4, 4, 4, 4, 4, 4, 4, 4, 4, 4, 4, 4, 4, 4, 4, 4, 4, 4, 4, 4, 4, 4, 4, 4, 4, 4, 4, 4, 4, 4, 4, 4, 4, 4, 4, 4, 4, 4, 4, 4, 4, 4, 4, 4, 4, 4, 4, 4, 4, 4, 4, 4, 4, 4, 4, 4, 4, 4, 4, 4, 4, 4, 4, 4, 4, 4, 4, 4, 4, 4, 4, 4, 4, 4, 4, 4, 4, 4, 4, 4, 4, 4, 4, 4, 4, 4, 4, 4, 4, 4, 4, 4, 4, 4, 4, 4, 4, 4, 4, 4, 4, 4, 4, 4, 4, 4, 4, 4, 4, 4, 4, 4, 4, 4, 4, 4, 4, 4, 4, 4, 4, 4, 4, 4, 4, 4, 4, 4, 4, 4, 4, 4, 4, 4, 4, 4, 4, 4, 4, 4, 4, 4, 4, 4, 4, 4, 4, 4, 4, 4, 4, 4, 4, 4, 4, 4, 4, 4, 4, 4, 4, 4, 4, 4, 4, 4, 4, 4, 4, 4, 4, 4, 4, 4, 4, 4, 4, 4, 4, 4, 4, 4, 4, 4, 4, 4, 4, 4, 4, 4, 4, 4, 4, 4, 4, 4, 4, 4, 4, 4, 4, 4, 4, 4, 4, 4, 4, 4, 4, 4, 4, 4, 4, 4, 4, 4, 4, 4, 4, 4, 4, 4, 4, 4, 4, 4, 4, 4, 4, 4, 4, 4, 4, 4, 4, 4, 4, 4, 4, 4, 4, 4, 4, 4, 4, 4, 4, 4, 4, 4, 4, 4, 4, 4, 4, 4, 4, 4, 4, 4, 4, 4, 4, 4, 4, 4, 4, 4, 4, 4, 4, 4, 4, 4, 4, 4, 4, 4, 4, 4, 4, 4, 4, 4, 4, 4, 4, 4, 4, 4, 4, 4, 4, 4, 4, 4, 4, 4, 4, 4, 4, 4, 4, 4, 4, 4, 4, 4, 4, 4, 4, 4, 4, 4, 4, 4, 4, 4, 4, 4, 4, 4, 4, 4, 4, 4, 4, 4, 4, 4, 4, 4, 4, 4, 4, 4, 4, 4, 4, 4, 4, 4, 4, 4, 4, 4, 4, 4, 4, 4, 4, 4, 4, 4, 4, 4, 4, 4, 4, 4, 4, 4, 4, 4, 4, 4, 4, 4, 4, 4, 4, 4, 4, 4, 4, 4, 4, 4, 4, 4, 4, 4, 4, 4, 4, 4, 4, 4, 4, 4, 4, 4, 4, 4, 4, 4, 4, 4, 4, 4, 4, 4, 4, 4, 4, 4, 4, 4, 4, 4, 4, 4, 4, 4, 4, 4, 4, 4, 4, 4, 4, 4, 4, 4, 4, 4, 4, 4, 4, 4, 4, 4, 4, 4, 4, 4, 4, 4, 4, 4, 4, 4, 4, 4, 4, 4, 4, 4, 4, 4, 4, 4, 4, 4, 4, 4, 4, 4, 4, 4, 4, 4, 4, 4, 4, 4, 4, 4, 4, 4, 4, 4, 4, 4, 4, 4, 4, 4, 4, 4, 4, 4, 4, 4, 4, 4, 4, 4, 4, 4, 4, 4, 4, 4, 4, 4, 4, 4, 4, 4, 4, 4, 4, 4, 4, 4, 4, 4, 4, 4, 4, 4, 4, 4, 4, 4, 4, 4, 4, 4, 4, 4, 4, 4, 4, 4, 4, 4, 4, 4, 4, 4, 4, 4, 4, 4, 4, 4, 4, 4, 4, 4, 4, 4, 4, 4, 4, 4, 4, 4, 4, 4, 4, 4, 4, 4, 4, 4, 4, 4, 4, 4, 4, 4, 4, 4, 4, 4, 4, 4, 4, 4, 4, 4, 4, 4, 4, 4, 4, 4, 4, 4, 4, 4, 4, 4, 4, 4, 4, 4, 4, 4, 4, 4, 4, 4, 4, 4, 4, 4, 4, 4, 4, 4, 4, 4, 4, 4, 4, 4, 4, 4, 4, 4, 4, 4, 4, 4, 4, 4, 4, 4, 4, 4, 4, 4, 4, 4, 4, 4, 4, 4, 4, 4, 4, 4, 4, 4, 4, 4, 4, 4, 4, 4, 4, 4, 4, 4, 4, 4, 4, 4, 4, 4, 4, 4, 4, 4, 4, 4, 4, 4, 4, 4, 4, 4, 4, 4, 4, 4, 4, 4, 4, 4, 4, 4, 4, 4, 4, 4, 4, 4, 4, 4, 4, 4, 4, 4, 4, 4, 4, 4, 4, 4, 4, 4, 4, 4, 4, 4, 4, 4, 4, 4, 4, 4, 4, 4, 4, 4, 4, 4, 4, 4, 4, 4, 4, 4, 4, 4, 4, 4, 4, 4, 4, 4, 4, 4, 4, 4, 4, 4, 4, 4, 4, 4, 4, 4, 4, 4, 4, 4, 4, 4, 4, 4, 4, 4, 4, 4, 4, 4, 4, 4, 4, 4, 4, 4, 4, 4, 4, 4, 4, 4, 4, 4, 4, 4, 4, 4, 4, 4, 4, 4, 4, 4, 4, 4, 4, 4, 4, 4, 4, 4, 4, 4, 4, 4, 4, 4, 4, 4, 4, 4, 4, 4, 4, 4, 4, 4, 4, 4, 4, 4, 4, 4, 4, 4, 4, 4, 4, 4, 4, 4, 4, 4, 4, 4, 4, 4, 4, 4, 4, 4, 4, 4, 4, 4, 4, 4, 4, 4, 4, 4, 4, 4, 4, 4, 4, 4, 4, 4, 4, 4, 4, 4, 4, 4, 4, 4, 4, 4, 4, 4, 4, 4, 4, 4, 4, 4, 4, 4, 4, 4, 4, 4, 4, 4, 4, 4, 4, 4, 4, 4, 4, 4, 4, 4, 4, 4, 4, 4, 4, 4, 4, 4, 4, 4, 4, 4, 4, 4, 4, 4, 4, 4, 4, 4, 4, 4, 4, 4, 4, 4, 4, 4, 4, 4, 4, 4, 4, 4, 4, 4, 4, 4, 4, 4, 4, 4, 4, 4, 4, 4, 4, 4, 4, 4, 4, 4, 4, 4, 4, 4, 4, 4, 4, 4, 4, 4, 4, 4, 4, 4, 4, 4, 4, 4, 4, 4, 4, 4, 4, 4, 4, 4, 4, 4, 4, 4, 4, 4, 4, 4, 4, 4, 4, 4, 4, 4, 4, 4, 4, 4, 4, 4, 4, 4, 4, 4, 4, 4, 4, 4, 4, 4, 4, 4, 4, 4, 4, 4, 4, 4, 4, 4, 4, 4, 4, 4, 4, 4, 4, 4, 4, 4, 4, 4, 4, 4, 4, 4, 4, 4, 4, 4, 4, 4, 4, 4, 4, 4, 4, 4, 4, 4, 4, 4, 4, 4, 4, 4, 4, 4, 4, 4, 4, 4, 4, 4, 4, 4, 4, 4, 4, 4, 4, 4, 4, 4, 4, 4, 4, 4, 4, 4, 4, 4, 4, 4, 4, 4, 4, 4, 4, 4, 4, 4, 4, 4, 4, 4, 4, 4, 4, 4, 4, 4, 4, 4, 4, 4, 4, 4, 4, 4, 4, 4, 4, 4, 4, 4, 4, 4, 4, 4, 4, 4, 4, 4, 4, 4, 4, 4, 4, 4, 4, 4, 4, 4, 4, 4, 4, 4, 4, 4, 4, 4, 4, 4, 4, 4, 4, 4, 4, 4, 4, 4, 4, 4, 4, 4, 4, 4, 4, 4, 4, 4, 4, 4, 4, 4, 4, 4, 4, 4, 4, 4, 4, 4, 4, 4, 4, 4, 4, 4, 4, 4, 4, 4, 4, 4, 4, 4, 4, 4, 4, 4, 4, 4, 4, 4, 4, 4, 4, 4, 4, 4, 4, 4, 4, 4, 4, 4, 4, 4, 4, 4, 4, 4, 4, 4, 4, 4, 4, 4, 4, 4, 4, 4, 4, 4, 4, 4, 4, 4, 4, 4, 4, 4, 4, 4, 4, 4, 4, 4, 4, 4, 4, 4, 4, 4, 4, 4, 4, 4, 4, 4, 4, 4, 4, 4, 4, 4, 4, 4, 4, 4, 4, 4, 4, 4, 4, 4, 4, 4, 4, 4, 4, 4, 4, 4, 4, 4, 4, 4, 4, 4, 4, 4, 4, 4, 4, 4, 4, 4, 4, 4, 4, 4, 4, 4, 4, 4, 4, 4, 4, 4, 4, 4, 4, 4, 4, 4, 4, 4, 4, 4, 4, 4, 4, 4, 4, 4, 4, 4, 4, 4, 4, 4, 4, 4, 4, 4, 4, 4, 4, 4, 4, 4, 4, 4, 4, 4, 4, 4, 4, 4, 4, 4, 4, 4, 4, 4, 4, 4, 4, 4, 4, 4, 4, 4, 4, 4, 4, 4, 4, 4, 4, 4, 4, 4, 4, 4, 4, 4, 4, 4, 4, 4, 4, 4, 4, 4, 4, 4, 4, 4, 4, 4, 4, 4, 4, 4, 4, 4, 4, 4, 4, 4, 4, 4, 4, 4, 4, 4, 4, 4, 4, 4, 4, 4, 4, 4, 4, 4, 4, 4, 4, 4, 4, 4, 4, 4, 4, 4, 4, 4, 4, 4, 4, 4, 4, 4, 4, 4, 4, 4, 4, 4, 4, 4, 4, 4, 4, 4, 4, 4, 4, 4, 4, 4, 4, 4, 4, 4, 4, 4, 4, 4, 4, 4, 4, 4, 4, 4, 4, 4, 4, 4, 4, 4, 4, 4, 4, 4, 4, 4, 4, 4, 4, 4, 4, 4, 4, 4, 4, 4, 4, 4, 4, 4, 4, 4, 4, 4, 4, 4, 4, 4, 4, 4, 4, 4, 4, 4, 4, 4, 4, 4, 4, 4, 4, 4, 4, 4, 4, 4, 4, 4, 4, 4, 4, 4, 4, 4, 4, 4, 4, 4, 4, 4, 4, 4, 4, 4, 4, 4, 4, 4, 4, 4, 4, 4, 4, 4, 4, 4, 4, 4, 4, 4, 4, 4, 4, 4, 4, 4, 4, 4, 4, 4, 4, 4, 4, 4, 4, 4, 4, 4, 4, 4, 4, 4, 4, 4, 4, 4, 4, 4, 4, 4, 4, 4, 4, 4, 4, 4, 4, 4, 4, 4, 4, 4]
        int[] faceVertexIndices = [0, 1, 75, 74, 1, 2, 76, 75, 2, 3, 77, 76, 3, 4, 78, 77, 4, 5, 79, 78, 5, 6, 80, 79, 6, 7, 81, 80, 7, 8, 82, 81, 8, 9, 83, 82, 9, 10, 84, 83, 10, 11, 85, 84, 11, 12, 86, 85, 12, 13, 87, 86, 13, 14, 88, 87, 14, 15, 89, 88, 15, 16, 90, 89, 16, 17, 91, 90, 17, 18, 92, 91, 18, 19, 93, 92, 19, 20, 94, 93, 20, 21, 95, 94, 21, 22, 96, 95, 22, 23, 97, 96, 23, 24, 98, 97, 24, 25, 99, 98, 25, 26, 100, 99, 26, 27, 101, 100, 27, 28, 102, 101, 28, 29, 103, 102, 29, 30, 104, 103, 30, 31, 105, 104, 31, 32, 106, 105, 32, 33, 107, 106, 33, 34, 108, 107, 34, 35, 109, 108, 35, 36, 110, 109, 36, 37, 111, 110, 37, 38, 112, 111, 38, 39, 113, 112, 39, 40, 114, 113, 40, 41, 115, 114, 41, 42, 116, 115, 42, 43, 117, 116, 43, 44, 118, 117, 44, 45, 119, 118, 45, 46, 120, 119, 46, 47, 121, 120, 47, 48, 122, 121, 48, 49, 123, 122, 49, 50, 124, 123, 50, 51, 125, 124, 51, 52, 126, 125, 52, 53, 127, 126, 53, 54, 128, 127, 54, 55, 129, 128, 55, 56, 130, 129, 56, 57, 131, 130, 57, 58, 132, 131, 58, 59, 133, 132, 59, 60, 134, 133, 60, 61, 135, 134, 61, 62, 136, 135, 62, 63, 137, 136, 63, 64, 138, 137, 64, 65, 139, 138, 65, 66, 140, 139, 66, 67, 141, 140, 67, 68, 142, 141, 68, 69, 143, 142, 69, 70, 144, 143, 70, 71, 145, 144, 71, 72, 146, 145, 72, 73, 147, 146, 74, 75, 149, 148, 75, 76, 150, 149, 76, 77, 151, 150, 77, 78, 152, 151, 78, 79, 153, 152, 79, 80, 154, 153, 80, 81, 155, 154, 81, 82, 156, 155, 82, 83, 157, 156, 83, 84, 158, 157, 84, 85, 159, 158, 85, 86, 160, 159, 86, 87, 161, 160, 87, 88, 162, 161, 88, 89, 163, 162, 89, 90, 164, 163, 90, 91, 165, 164, 91, 92, 166, 165, 92, 93, 167, 166, 93, 94, 168, 167, 94, 95, 169, 168, 95, 96, 170, 169, 96, 97, 171, 170, 97, 98, 172, 171, 98, 99, 173, 172, 99, 100, 174, 173, 100, 101, 175, 174, 101, 102, 176, 175, 102, 103, 177, 176, 103, 104, 178, 177, 104, 105, 179, 178, 105, 106, 180, 179, 106, 107, 181, 180, 107, 108, 182, 181, 108, 109, 183, 182, 109, 110, 184, 183, 110, 111, 185, 184, 111, 112, 186, 185, 112, 113, 187, 186, 113, 114, 188, 187, 114, 115, 189, 188, 115, 116, 190, 189, 116, 117, 191, 190, 117, 118, 192, 191, 118, 119, 193, 192, 119, 120, 194, 193, 120, 121, 195, 194, 121, 122, 196, 195, 122, 123, 197, 196, 123, 124, 198, 197, 124, 125, 199, 198, 125, 126, 200, 199, 126, 127, 201, 200, 127, 128, 202, 201, 128, 129, 203, 202, 129, 130, 204, 203, 130, 131, 205, 204, 131, 132, 206, 205, 132, 133, 207, 206, 133, 134, 208, 207, 134, 135, 209, 208, 135, 136, 210, 209, 136, 137, 211, 210, 137, 138, 212, 211, 138, 139, 213, 212, 139, 140, 214, 213, 140, 141, 215, 214, 141, 142, 216, 215, 142, 143, 217, 216, 143, 144, 218, 217, 144, 145, 219, 218, 145, 146, 220, 219, 146, 147, 221, 220, 148, 149, 223, 222, 149, 150, 224, 223, 150, 151, 225, 224, 151, 152, 226, 225, 152, 153, 227, 226, 153, 154, 228, 227, 154, 155, 229, 228, 155, 156, 230, 229, 156, 157, 231, 230, 157, 158, 232, 231, 158, 159, 233, 232, 159, 160, 234, 233, 160, 161, 235, 234, 161, 162, 236, 235, 162, 163, 237, 236, 163, 164, 238, 237, 164, 165, 239, 238, 165, 166, 240, 239, 166, 167, 241, 240, 167, 168, 242, 241, 168, 169, 243, 242, 169, 170, 244, 243, 170, 171, 245, 244, 171, 172, 246, 245, 172, 173, 247, 246, 173, 174, 248, 247, 174, 175, 249, 248, 175, 176, 250, 249, 176, 177, 251, 250, 177, 178, 252, 251, 178, 179, 253, 252, 179, 180, 254, 253, 180, 181, 255, 254, 181, 182, 256, 255, 182, 183, 257, 256, 183, 184, 258, 257, 184, 185, 259, 258, 185, 186, 260, 259, 186, 187, 261, 260, 187, 188, 262, 261, 188, 189, 263, 262, 189, 190, 264, 263, 190, 191, 265, 264, 191, 192, 266, 265, 192, 193, 267, 266, 193, 194, 268, 267, 194, 195, 269, 268, 195, 196, 270, 269, 196, 197, 271, 270, 197, 198, 272, 271, 198, 199, 273, 272, 199, 200, 274, 273, 200, 201, 275, 274, 201, 202, 276, 275, 202, 203, 277, 276, 203, 204, 278, 277, 204, 205, 279, 278, 205, 206, 280, 279, 206, 207, 281, 280, 207, 208, 282, 281, 208, 209, 283, 282, 209, 210, 284, 283, 210, 211, 285, 284, 211, 212, 286, 285, 212, 213, 287, 286, 213, 214, 288, 287, 214, 215, 289, 288, 215, 216, 290, 289, 216, 217, 291, 290, 217, 218, 292, 291, 218, 219, 293, 292, 219, 220, 294, 293, 220, 221, 295, 294, 222, 223, 297, 296, 223, 224, 298, 297, 224, 225, 299, 298, 225, 226, 300, 299, 226, 227, 301, 300, 227, 228, 302, 301, 228, 229, 303, 302, 229, 230, 304, 303, 230, 231, 305, 304, 231, 232, 306, 305, 232, 233, 307, 306, 233, 234, 308, 307, 234, 235, 309, 308, 235, 236, 310, 309, 236, 237, 311, 310, 237, 238, 312, 311, 238, 239, 313, 312, 239, 240, 314, 313, 240, 241, 315, 314, 241, 242, 316, 315, 242, 243, 317, 316, 243, 244, 318, 317, 244, 245, 319, 318, 245, 246, 320, 319, 246, 247, 321, 320, 247, 248, 322, 321, 248, 249, 323, 322, 249, 250, 324, 323, 250, 251, 325, 324, 251, 252, 326, 325, 252, 253, 327, 326, 253, 254, 328, 327, 254, 255, 329, 328, 255, 256, 330, 329, 256, 257, 331, 330, 257, 258, 332, 331, 258, 259, 333, 332, 259, 260, 334, 333, 260, 261, 335, 334, 261, 262, 336, 335, 262, 263, 337, 336, 263, 264, 338, 337, 264, 265, 339, 338, 265, 266, 340, 339, 266, 267, 341, 340, 267, 268, 342, 341, 268, 269, 343, 342, 269, 270, 344, 343, 270, 271, 345, 344, 271, 272, 346, 345, 272, 273, 347, 346, 273, 274, 348, 347, 274, 275, 349, 348, 275, 276, 350, 349, 276, 277, 351, 350, 277, 278, 352, 351, 278, 279, 353, 352, 279, 280, 354, 353, 280, 281, 355, 354, 281, 282, 356, 355, 282, 283, 357, 356, 283, 284, 358, 357, 284, 285, 359, 358, 285, 286, 360, 359, 286, 287, 361, 360, 287, 288, 362, 361, 288, 289, 363, 362, 289, 290, 364, 363, 290, 291, 365, 364, 291, 292, 366, 365, 292, 293, 367, 366, 293, 294, 368, 367, 294, 295, 369, 368, 296, 297, 371, 370, 297, 298, 372, 371, 298, 299, 373, 372, 299, 300, 374, 373, 300, 301, 375, 374, 301, 302, 376, 375, 302, 303, 377, 376, 303, 304, 378, 377, 304, 305, 379, 378, 305, 306, 380, 379, 306, 307, 381, 380, 307, 308, 382, 381, 308, 309, 383, 382, 309, 310, 384, 383, 310, 311, 385, 384, 311, 312, 386, 385, 312, 313, 387, 386, 313, 314, 388, 387, 314, 315, 389, 388, 315, 316, 390, 389, 316, 317, 391, 390, 317, 318, 392, 391, 318, 319, 393, 392, 319, 320, 394, 393, 320, 321, 395, 394, 321, 322, 396, 395, 322, 323, 397, 396, 323, 324, 398, 397, 324, 325, 399, 398, 325, 326, 400, 399, 326, 327, 401, 400, 327, 328, 402, 401, 328, 329, 403, 402, 329, 330, 404, 403, 330, 331, 405, 404, 331, 332, 406, 405, 332, 333, 407, 406, 333, 334, 408, 407, 334, 335, 409, 408, 335, 336, 410, 409, 336, 337, 411, 410, 337, 338, 412, 411, 338, 339, 413, 412, 339, 340, 414, 413, 340, 341, 415, 414, 341, 342, 416, 415, 342, 343, 417, 416, 343, 344, 418, 417, 344, 345, 419, 418, 345, 346, 420, 419, 346, 347, 421, 420, 347, 348, 422, 421, 348, 349, 423, 422, 349, 350, 424, 423, 350, 351, 425, 424, 351, 352, 426, 425, 352, 353, 427, 426, 353, 354, 428, 427, 354, 355, 429, 428, 355, 356, 430, 429, 356, 357, 431, 430, 357, 358, 432, 431, 358, 359, 433, 432, 359, 360, 434, 433, 360, 361, 435, 434, 361, 362, 436, 435, 362, 363, 437, 436, 363, 364, 438, 437, 364, 365, 439, 438, 365, 366, 440, 439, 366, 367, 441, 440, 367, 368, 442, 441, 368, 369, 443, 442, 370, 371, 445, 444, 371, 372, 446, 445, 372, 373, 447, 446, 373, 374, 448, 447, 374, 375, 449, 448, 375, 376, 450, 449, 376, 377, 451, 450, 377, 378, 452, 451, 378, 379, 453, 452, 379, 380, 454, 453, 380, 381, 455, 454, 381, 382, 456, 455, 382, 383, 457, 456, 383, 384, 458, 457, 384, 385, 459, 458, 385, 386, 460, 459, 386, 387, 461, 460, 387, 388, 462, 461, 388, 389, 463, 462, 389, 390, 464, 463, 390, 391, 465, 464, 391, 392, 466, 465, 392, 393, 467, 466, 393, 394, 468, 467, 394, 395, 469, 468, 395, 396, 470, 469, 396, 397, 471, 470, 397, 398, 472, 471, 398, 399, 473, 472, 399, 400, 474, 473, 400, 401, 475, 474, 401, 402, 476, 475, 402, 403, 477, 476, 403, 404, 478, 477, 404, 405, 479, 478, 405, 406, 480, 479, 406, 407, 481, 480, 407, 408, 482, 481, 408, 409, 483, 482, 409, 410, 484, 483, 410, 411, 485, 484, 411, 412, 486, 485, 412, 413, 487, 486, 413, 414, 488, 487, 414, 415, 489, 488, 415, 416, 490, 489, 416, 417, 491, 490, 417, 418, 492, 491, 418, 419, 493, 492, 419, 420, 494, 493, 420, 421, 495, 494, 421, 422, 496, 495, 422, 423, 497, 496, 423, 424, 498, 497, 424, 425, 499, 498, 425, 426, 500, 499, 426, 427, 501, 500, 427, 428, 502, 501, 428, 429, 503, 502, 429, 430, 504, 503, 430, 431, 505, 504, 431, 432, 506, 505, 432, 433, 507, 506, 433, 434, 508, 507, 434, 435, 509, 508, 435, 436, 510, 509, 436, 437, 511, 510, 437, 438, 512, 511, 438, 439, 513, 512, 439, 440, 514, 513, 440, 441, 515, 514, 441, 442, 516, 515, 442, 443, 517, 516, 444, 445, 519, 518, 445, 446, 520, 519, 446, 447, 521, 520, 447, 448, 522, 521, 448, 449, 523, 522, 449, 450, 524, 523, 450, 451, 525, 524, 451, 452, 526, 525, 452, 453, 527, 526, 453, 454, 528, 527, 454, 455, 529, 528, 455, 456, 530, 529, 456, 457, 531, 530, 457, 458, 532, 531, 458, 459, 533, 532, 459, 460, 534, 533, 460, 461, 535, 534, 461, 462, 536, 535, 462, 463, 537, 536, 463, 464, 538, 537, 464, 465, 539, 538, 465, 466, 540, 539, 466, 467, 541, 540, 467, 468, 542, 541, 468, 469, 543, 542, 469, 470, 544, 543, 470, 471, 545, 544, 471, 472, 546, 545, 472, 473, 547, 546, 473, 474, 548, 547, 474, 475, 549, 548, 475, 476, 550, 549, 476, 477, 551, 550, 477, 478, 552, 551, 478, 479, 553, 552, 479, 480, 554, 553, 480, 481, 555, 554, 481, 482, 556, 555, 482, 483, 557, 556, 483, 484, 558, 557, 484, 485, 559, 558, 485, 486, 560, 559, 486, 487, 561, 560, 487, 488, 562, 561, 488, 489, 563, 562, 489, 490, 564, 563, 490, 491, 565, 564, 491, 492, 566, 565, 492, 493, 567, 566, 493, 494, 568, 567, 494, 495, 569, 568, 495, 496, 570, 569, 496, 497, 571, 570, 497, 498, 572, 571, 498, 499, 573, 572, 499, 500, 574, 573, 500, 501, 575, 574, 501, 502, 576, 575, 502, 503, 577, 576, 503, 504, 578, 577, 504, 505, 579, 578, 505, 506, 580, 579, 506, 507, 581, 580, 507, 508, 582, 581, 508, 509, 583, 582, 509, 510, 584, 583, 510, 511, 585, 584, 511, 512, 586, 585, 512, 513, 587, 586, 513, 514, 588, 587, 514, 515, 589, 588, 515, 516, 590, 589, 516, 517, 591, 590, 518, 519, 593, 592, 519, 520, 594, 593, 520, 521, 595, 594, 521, 522, 596, 595, 522, 523, 597, 596, 523, 524, 598, 597, 524, 525, 599, 598, 525, 526, 600, 599, 526, 527, 601, 600, 527, 528, 602, 601, 528, 529, 603, 602, 529, 530, 604, 603, 530, 531, 605, 604, 531, 532, 606, 605, 532, 533, 607, 606, 533, 534, 608, 607, 534, 535, 609, 608, 535, 536, 610, 609, 536, 537, 611, 610, 537, 538, 612, 611, 538, 539, 613, 612, 539, 540, 614, 613, 540, 541, 615, 614, 541, 542, 616, 615, 542, 543, 617, 616, 543, 544, 618, 617, 544, 545, 619, 618, 545, 546, 620, 619, 546, 547, 621, 620, 547, 548, 622, 621, 548, 549, 623, 622, 549, 550, 624, 623, 550, 551, 625, 624, 551, 552, 626, 625, 552, 553, 627, 626, 553, 554, 628, 627, 554, 555, 629, 628, 555, 556, 630, 629, 556, 557, 631, 630, 557, 558, 632, 631, 558, 559, 633, 632, 559, 560, 634, 633, 560, 561, 635, 634, 561, 562, 636, 635, 562, 563, 637, 636, 563, 564, 638, 637, 564, 565, 639, 638, 565, 566, 640, 639, 566, 567, 641, 640, 567, 568, 642, 641, 568, 569, 643, 642, 569, 570, 644, 643, 570, 571, 645, 644, 571, 572, 646, 645, 572, 573, 647, 646, 573, 574, 648, 647, 574, 575, 649, 648, 575, 576, 650, 649, 576, 577, 651, 650, 577, 578, 652, 651, 578, 579, 653, 652, 579, 580, 654, 653, 580, 581, 655, 654, 581, 582, 656, 655, 582, 583, 657, 656, 583, 584, 658, 657, 584, 585, 659, 658, 585, 586, 660, 659, 586, 587, 661, 660, 587, 588, 662, 661, 588, 589, 663, 662, 589, 590, 664, 663, 590, 591, 665, 664, 592, 593, 667, 666, 593, 594, 668, 667, 594, 595, 669, 668, 595, 596, 670, 669, 596, 597, 671, 670, 597, 598, 672, 671, 598, 599, 673, 672, 599, 600, 674, 673, 600, 601, 675, 674, 601, 602, 676, 675, 602, 603, 677, 676, 603, 604, 678, 677, 604, 605, 679, 678, 605, 606, 680, 679, 606, 607, 681, 680, 607, 608, 682, 681, 608, 609, 683, 682, 609, 610, 684, 683, 610, 611, 685, 684, 611, 612, 686, 685, 612, 613, 687, 686, 613, 614, 688, 687, 614, 615, 689, 688, 615, 616, 690, 689, 616, 617, 691, 690, 617, 618, 692, 691, 618, 619, 693, 692, 619, 620, 694, 693, 620, 621, 695, 694, 621, 622, 696, 695, 622, 623, 697, 696, 623, 624, 698, 697, 624, 625, 699, 698, 625, 626, 700, 699, 626, 627, 701, 700, 627, 628, 702, 701, 628, 629, 703, 702, 629, 630, 704, 703, 630, 631, 705, 704, 631, 632, 706, 705, 632, 633, 707, 706, 633, 634, 708, 707, 634, 635, 709, 708, 635, 636, 710, 709, 636, 637, 711, 710, 637, 638, 712, 711, 638, 639, 713, 712, 639, 640, 714, 713, 640, 641, 715, 714, 641, 642, 716, 715, 642, 643, 717, 716, 643, 644, 718, 717, 644, 645, 719, 718, 645, 646, 720, 719, 646, 647, 721, 720, 647, 648, 722, 721, 648, 649, 723, 722, 649, 650, 724, 723, 650, 651, 725, 724, 651, 652, 726, 725, 652, 653, 727, 726, 653, 654, 728, 727, 654, 655, 729, 728, 655, 656, 730, 729, 656, 657, 731, 730, 657, 658, 732, 731, 658, 659, 733, 732, 659, 660, 734, 733, 660, 661, 735, 734, 661, 662, 736, 735, 662, 663, 737, 736, 663, 664, 738, 737, 664, 665, 739, 738, 666, 667, 741, 740, 667, 668, 742, 741, 668, 669, 743, 742, 669, 670, 744, 743, 670, 671, 745, 744, 671, 672, 746, 745, 672, 673, 747, 746, 673, 674, 748, 747, 674, 675, 749, 748, 675, 676, 750, 749, 676, 677, 751, 750, 677, 678, 752, 751, 678, 679, 753, 752, 679, 680, 754, 753, 680, 681, 755, 754, 681, 682, 756, 755, 682, 683, 757, 756, 683, 684, 758, 757, 684, 685, 759, 758, 685, 686, 760, 759, 686, 687, 761, 760, 687, 688, 762, 761, 688, 689, 763, 762, 689, 690, 764, 763, 690, 691, 765, 764, 691, 692, 766, 765, 692, 693, 767, 766, 693, 694, 768, 767, 694, 695, 769, 768, 695, 696, 770, 769, 696, 697, 771, 770, 697, 698, 772, 771, 698, 699, 773, 772, 699, 700, 774, 773, 700, 701, 775, 774, 701, 702, 776, 775, 702, 703, 777, 776, 703, 704, 778, 777, 704, 705, 779, 778, 705, 706, 780, 779, 706, 707, 781, 780, 707, 708, 782, 781, 708, 709, 783, 782, 709, 710, 784, 783, 710, 711, 785, 784, 711, 712, 786, 785, 712, 713, 787, 786, 713, 714, 788, 787, 714, 715, 789, 788, 715, 716, 790, 789, 716, 717, 791, 790, 717, 718, 792, 791, 718, 719, 793, 792, 719, 720, 794, 793, 720, 721, 795, 794, 721, 722, 796, 795, 722, 723, 797, 796, 723, 724, 798, 797, 724, 725, 799, 798, 725, 726, 800, 799, 726, 727, 801, 800, 727, 728, 802, 801, 728, 729, 803, 802, 729, 730, 804, 803, 730, 731, 805, 804, 731, 732, 806, 805, 732, 733, 807, 806, 733, 734, 808, 807, 734, 735, 809, 808, 735, 736, 810, 809, 736, 737, 811, 810, 737, 738, 812, 811, 738, 739, 813, 812, 740, 741, 815, 814, 741, 742, 816, 815, 742, 743, 817, 816, 743, 744, 818, 817, 744, 745, 819, 818, 745, 746, 820, 819, 746, 747, 821, 820, 747, 748, 822, 821, 748, 749, 823, 822, 749, 750, 824, 823, 750, 751, 825, 824, 751, 752, 826, 825, 752, 753, 827, 826, 753, 754, 828, 827, 754, 755, 829, 828, 755, 756, 830, 829, 756, 757, 831, 830, 757, 758, 832, 831, 758, 759, 833, 832, 759, 760, 834, 833, 760, 761, 835, 834, 761, 762, 836, 835, 762, 763, 837, 836, 763, 764, 838, 837, 764, 765, 839, 838, 765, 766, 840, 839, 766, 767, 841, 840, 767, 768, 842, 841, 768, 769, 843, 842, 769, 770, 844, 843, 770, 771, 845, 844, 771, 772, 846, 845, 772, 773, 847, 846, 773, 774, 848, 847, 774, 775, 849, 848, 775, 776, 850, 849, 776, 777, 851, 850, 777, 778, 852, 851, 778, 779, 853, 852, 779, 780, 854, 853, 780, 781, 855, 854, 781, 782, 856, 855, 782, 783, 857, 856, 783, 784, 858, 857, 784, 785, 859, 858, 785, 786, 860, 859, 786, 787, 861, 860, 787, 788, 862, 861, 788, 789, 863, 862, 789, 790, 864, 863, 790, 791, 865, 864, 791, 792, 866, 865, 792, 793, 867, 866, 793, 794, 868, 867, 794, 795, 869, 868, 795, 796, 870, 869, 796, 797, 871, 870, 797, 798, 872, 871, 798, 799, 873, 872, 799, 800, 874, 873, 800, 801, 875, 874, 801, 802, 876, 875, 802, 803, 877, 876, 803, 804, 878, 877, 804, 805, 879, 878, 805, 806, 880, 879, 806, 807, 881, 880, 807, 808, 882, 881, 808, 809, 883, 882, 809, 810, 884, 883, 810, 811, 885, 884, 811, 812, 886, 885, 812, 813, 887, 886, 814, 815, 889, 888, 815, 816, 890, 889, 816, 817, 891, 890, 817, 818, 892, 891, 818, 819, 893, 892, 819, 820, 894, 893, 820, 821, 895, 894, 821, 822, 896, 895, 822, 823, 897, 896, 823, 824, 898, 897, 824, 825, 899, 898, 825, 826, 900, 899, 826, 827, 901, 900, 827, 828, 902, 901, 828, 829, 903, 902, 829, 830, 904, 903, 830, 831, 905, 904, 831, 832, 906, 905, 832, 833, 907, 906, 833, 834, 908, 907, 834, 835, 909, 908, 835, 836, 910, 909, 836, 837, 911, 910, 837, 838, 912, 911, 838, 839, 913, 912, 839, 840, 914, 913, 840, 841, 915, 914, 841, 842, 916, 915, 842, 843, 917, 916, 843, 844, 918, 917, 844, 845, 919, 918, 845, 846, 920, 919, 846, 847, 921, 920, 847, 848, 922, 921, 848, 849, 923, 922, 849, 850, 924, 923, 850, 851, 925, 924, 851, 852, 926, 925, 852, 853, 927, 926, 853, 854, 928, 927, 854, 855, 929, 928, 855, 856, 930, 929, 856, 857, 931, 930, 857, 858, 932, 931, 858, 859, 933, 932, 859, 860, 934, 933, 860, 861, 935, 934, 861, 862, 936, 935, 862, 863, 937, 936, 863, 864, 938, 937, 864, 865, 939, 938, 865, 866, 940, 939, 866, 867, 941, 940, 867, 868, 942, 941, 868, 869, 943, 942, 869, 870, 944, 943, 870, 871, 945, 944, 871, 872, 946, 945, 872, 873, 947, 946, 873, 874, 948, 947, 874, 875, 949, 948, 875, 876, 950, 949, 876, 877, 951, 950, 877, 878, 952, 951, 878, 879, 953, 952, 879, 880, 954, 953, 880, 881, 955, 954, 881, 882, 956, 955, 882, 883, 957, 956, 883, 884, 958, 957, 884, 885, 959, 958, 885, 886, 960, 959, 886, 887, 961, 960, 888, 889, 963, 962, 889, 890, 964, 963, 890, 891, 965, 964, 891, 892, 966, 965, 892, 893, 967, 966, 893, 894, 968, 967, 894, 895, 969, 968, 895, 896, 970, 969, 896, 897, 971, 970, 897, 898, 972, 971, 898, 899, 973, 972, 899, 900, 974, 973, 900, 901, 975, 974, 901, 902, 976, 975, 902, 903, 977, 976, 903, 904, 978, 977, 904, 905, 979, 978, 905, 906, 980, 979, 906, 907, 981, 980, 907, 908, 982, 981, 908, 909, 983, 982, 909, 910, 984, 983, 910, 911, 985, 984, 911, 912, 986, 985, 912, 913, 987, 986, 913, 914, 988, 987, 914, 915, 989, 988, 915, 916, 990, 989, 916, 917, 991, 990, 917, 918, 992, 991, 918, 919, 993, 992, 919, 920, 994, 993, 920, 921, 995, 994, 921, 922, 996, 995, 922, 923, 997, 996, 923, 924, 998, 997, 924, 925, 999, 998, 925, 926, 1000, 999, 926, 927, 1001, 1000, 927, 928, 1002, 1001, 928, 929, 1003, 1002, 929, 930, 1004, 1003, 930, 931, 1005, 1004, 931, 932, 1006, 1005, 932, 933, 1007, 1006, 933, 934, 1008, 1007, 934, 935, 1009, 1008, 935, 936, 1010, 1009, 936, 937, 1011, 1010, 937, 938, 1012, 1011, 938, 939, 1013, 1012, 939, 940, 1014, 1013, 940, 941, 1015, 1014, 941, 942, 1016, 1015, 942, 943, 1017, 1016, 943, 944, 1018, 1017, 944, 945, 1019, 1018, 945, 946, 1020, 1019, 946, 947, 1021, 1020, 947, 948, 1022, 1021, 948, 949, 1023, 1022, 949, 950, 1024, 1023, 950, 951, 1025, 1024, 951, 952, 1026, 1025, 952, 953, 1027, 1026, 953, 954, 1028, 1027, 954, 955, 1029, 1028, 955, 956, 1030, 1029, 956, 957, 1031, 1030, 957, 958, 1032, 1031, 958, 959, 1033, 1032, 959, 960, 1034, 1033, 960, 961, 1035, 1034, 962, 963, 1037, 1036, 963, 964, 1038, 1037, 964, 965, 1039, 1038, 965, 966, 1040, 1039, 966, 967, 1041, 1040, 967, 968, 1042, 1041, 968, 969, 1043, 1042, 969, 970, 1044, 1043, 970, 971, 1045, 1044, 971, 972, 1046, 1045, 972, 973, 1047, 1046, 973, 974, 1048, 1047, 974, 975, 1049, 1048, 975, 976, 1050, 1049, 976, 977, 1051, 1050, 977, 978, 1052, 1051, 978, 979, 1053, 1052, 979, 980, 1054, 1053, 980, 981, 1055, 1054, 981, 982, 1056, 1055, 982, 983, 1057, 1056, 983, 984, 1058, 1057, 984, 985, 1059, 1058, 985, 986, 1060, 1059, 986, 987, 1061, 1060, 987, 988, 1062, 1061, 988, 989, 1063, 1062, 989, 990, 1064, 1063, 990, 991, 1065, 1064, 991, 992, 1066, 1065, 992, 993, 1067, 1066, 993, 994, 1068, 1067, 994, 995, 1069, 1068, 995, 996, 1070, 1069, 996, 997, 1071, 1070, 997, 998, 1072, 1071, 998, 999, 1073, 1072, 999, 1000, 1074, 1073, 1000, 1001, 1075, 1074, 1001, 1002, 1076, 1075, 1002, 1003, 1077, 1076, 1003, 1004, 1078, 1077, 1004, 1005, 1079, 1078, 1005, 1006, 1080, 1079, 1006, 1007, 1081, 1080, 1007, 1008, 1082, 1081, 1008, 1009, 1083, 1082, 1009, 1010, 1084, 1083, 1010, 1011, 1085, 1084, 1011, 1012, 1086, 1085, 1012, 1013, 1087, 1086, 1013, 1014, 1088, 1087, 1014, 1015, 1089, 1088, 1015, 1016, 1090, 1089, 1016, 1017, 1091, 1090, 1017, 1018, 1092, 1091, 1018, 1019, 1093, 1092, 1019, 1020, 1094, 1093, 1020, 1021, 1095, 1094, 1021, 1022, 1096, 1095, 1022, 1023, 1097, 1096, 1023, 1024, 1098, 1097, 1024, 1025, 1099, 1098, 1025, 1026, 1100, 1099, 1026, 1027, 1101, 1100, 1027, 1028, 1102, 1101, 1028, 1029, 1103, 1102, 1029, 1030, 1104, 1103, 1030, 1031, 1105, 1104, 1031, 1032, 1106, 1105, 1032, 1033, 1107, 1106, 1033, 1034, 1108, 1107, 1034, 1035, 1109, 1108, 1036, 1037, 1111, 1110, 1037, 1038, 1112, 1111, 1038, 1039, 1113, 1112, 1039, 1040, 1114, 1113, 1040, 1041, 1115, 1114, 1041, 1042, 1116, 1115, 1042, 1043, 1117, 1116, 1043, 1044, 1118, 1117, 1044, 1045, 1119, 1118, 1045, 1046, 1120, 1119, 1046, 1047, 1121, 1120, 1047, 1048, 1122, 1121, 1048, 1049, 1123, 1122, 1049, 1050, 1124, 1123, 1050, 1051, 1125, 1124, 1051, 1052, 1126, 1125, 1052, 1053, 1127, 1126, 1053, 1054, 1128, 1127, 1054, 1055, 1129, 1128, 1055, 1056, 1130, 1129, 1056, 1057, 1131, 1130, 1057, 1058, 1132, 1131, 1058, 1059, 1133, 1132, 1059, 1060, 1134, 1133, 1060, 1061, 1135, 1134, 1061, 1062, 1136, 1135, 1062, 1063, 1137, 1136, 1063, 1064, 1138, 1137, 1064, 1065, 1139, 1138, 1065, 1066, 1140, 1139, 1066, 1067, 1141, 1140, 1067, 1068, 1142, 1141, 1068, 1069, 1143, 1142, 1069, 1070, 1144, 1143, 1070, 1071, 1145, 1144, 1071, 1072, 1146, 1145, 1072, 1073, 1147, 1146, 1073, 1074, 1148, 1147, 1074, 1075, 1149, 1148, 1075, 1076, 1150, 1149, 1076, 1077, 1151, 1150, 1077, 1078, 1152, 1151, 1078, 1079, 1153, 1152, 1079, 1080, 1154, 1153, 1080, 1081, 1155, 1154, 1081, 1082, 1156, 1155, 1082, 1083, 1157, 1156, 1083, 1084, 1158, 1157, 1084, 1085, 1159, 1158, 1085, 1086, 1160, 1159, 1086, 1087, 1161, 1160, 1087, 1088, 1162, 1161, 1088, 1089, 1163, 1162, 1089, 1090, 1164, 1163, 1090, 1091, 1165, 1164, 1091, 1092, 1166, 1165, 1092, 1093, 1167, 1166, 1093, 1094, 1168, 1167, 1094, 1095, 1169, 1168, 1095, 1096, 1170, 1169, 1096, 1097, 1171, 1170, 1097, 1098, 1172, 1171, 1098, 1099, 1173, 1172, 1099, 1100, 1174, 1173, 1100, 1101, 1175, 1174, 1101, 1102, 1176, 1175, 1102, 1103, 1177, 1176, 1103, 1104, 1178, 1177, 1104, 1105, 1179, 1178, 1105, 1106, 1180, 1179, 1106, 1107, 1181, 1180, 1107, 1108, 1182, 1181, 1108, 1109, 1183, 1182, 1110, 1111, 1185, 1184, 1111, 1112, 1186, 1185, 1112, 1113, 1187, 1186, 1113, 1114, 1188, 1187, 1114, 1115, 1189, 1188, 1115, 1116, 1190, 1189, 1116, 1117, 1191, 1190, 1117, 1118, 1192, 1191, 1118, 1119, 1193, 1192, 1119, 1120, 1194, 1193, 1120, 1121, 1195, 1194, 1121, 1122, 1196, 1195, 1122, 1123, 1197, 1196, 1123, 1124, 1198, 1197, 1124, 1125, 1199, 1198, 1125, 1126, 1200, 1199, 1126, 1127, 1201, 1200, 1127, 1128, 1202, 1201, 1128, 1129, 1203, 1202, 1129, 1130, 1204, 1203, 1130, 1131, 1205, 1204, 1131, 1132, 1206, 1205, 1132, 1133, 1207, 1206, 1133, 1134, 1208, 1207, 1134, 1135, 1209, 1208, 1135, 1136, 1210, 1209, 1136, 1137, 1211, 1210, 1137, 1138, 1212, 1211, 1138, 1139, 1213, 1212, 1139, 1140, 1214, 1213, 1140, 1141, 1215, 1214, 1141, 1142, 1216, 1215, 1142, 1143, 1217, 1216, 1143, 1144, 1218, 1217, 1144, 1145, 1219, 1218, 1145, 1146, 1220, 1219, 1146, 1147, 1221, 1220, 1147, 1148, 1222, 1221, 1148, 1149, 1223, 1222, 1149, 1150, 1224, 1223, 1150, 1151, 1225, 1224, 1151, 1152, 1226, 1225, 1152, 1153, 1227, 1226, 1153, 1154, 1228, 1227, 1154, 1155, 1229, 1228, 1155, 1156, 1230, 1229, 1156, 1157, 1231, 1230, 1157, 1158, 1232, 1231, 1158, 1159, 1233, 1232, 1159, 1160, 1234, 1233, 1160, 1161, 1235, 1234, 1161, 1162, 1236, 1235, 1162, 1163, 1237, 1236, 1163, 1164, 1238, 1237, 1164, 1165, 1239, 1238, 1165, 1166, 1240, 1239, 1166, 1167, 1241, 1240, 1167, 1168, 1242, 1241, 1168, 1169, 1243, 1242, 1169, 1170, 1244, 1243, 1170, 1171, 1245, 1244, 1171, 1172, 1246, 1245, 1172, 1173, 1247, 1246, 1173, 1174, 1248, 1247, 1174, 1175, 1249, 1248, 1175, 1176, 1250, 1249, 1176, 1177, 1251, 1250, 1177, 1178, 1252, 1251, 1178, 1179, 1253, 1252, 1179, 1180, 1254, 1253, 1180, 1181, 1255, 1254, 1181, 1182, 1256, 1255, 1182, 1183, 1257, 1256, 1184, 1185, 1259, 1258, 1185, 1186, 1260, 1259, 1186, 1187, 1261, 1260, 1187, 1188, 1262, 1261, 1188, 1189, 1263, 1262, 1189, 1190, 1264, 1263, 1190, 1191, 1265, 1264, 1191, 1192, 1266, 1265, 1192, 1193, 1267, 1266, 1193, 1194, 1268, 1267, 1194, 1195, 1269, 1268, 1195, 1196, 1270, 1269, 1196, 1197, 1271, 1270, 1197, 1198, 1272, 1271, 1198, 1199, 1273, 1272, 1199, 1200, 1274, 1273, 1200, 1201, 1275, 1274, 1201, 1202, 1276, 1275, 1202, 1203, 1277, 1276, 1203, 1204, 1278, 1277, 1204, 1205, 1279, 1278, 1205, 1206, 1280, 1279, 1206, 1207, 1281, 1280, 1207, 1208, 1282, 1281, 1208, 1209, 1283, 1282, 1209, 1210, 1284, 1283, 1210, 1211, 1285, 1284, 1211, 1212, 1286, 1285, 1212, 1213, 1287, 1286, 1213, 1214, 1288, 1287, 1214, 1215, 1289, 1288, 1215, 1216, 1290, 1289, 1216, 1217, 1291, 1290, 1217, 1218, 1292, 1291, 1218, 1219, 1293, 1292, 1219, 1220, 1294, 1293, 1220, 1221, 1295, 1294, 1221, 1222, 1296, 1295, 1222, 1223, 1297, 1296, 1223, 1224, 1298, 1297, 1224, 1225, 1299, 1298, 1225, 1226, 1300, 1299, 1226, 1227, 1301, 1300, 1227, 1228, 1302, 1301, 1228, 1229, 1303, 1302, 1229, 1230, 1304, 1303, 1230, 1231, 1305, 1304, 1231, 1232, 1306, 1305, 1232, 1233, 1307, 1306, 1233, 1234, 1308, 1307, 1234, 1235, 1309, 1308, 1235, 1236, 1310, 1309, 1236, 1237, 1311, 1310, 1237, 1238, 1312, 1311, 1238, 1239, 1313, 1312, 1239, 1240, 1314, 1313, 1240, 1241, 1315, 1314, 1241, 1242, 1316, 1315, 1242, 1243, 1317, 1316, 1243, 1244, 1318, 1317, 1244, 1245, 1319, 1318, 1245, 1246, 1320, 1319, 1246, 1247, 1321, 1320, 1247, 1248, 1322, 1321, 1248, 1249, 1323, 1322, 1249, 1250, 1324, 1323, 1250, 1251, 1325, 1324, 1251, 1252, 1326, 1325, 1252, 1253, 1327, 1326, 1253, 1254, 1328, 1327, 1254, 1255, 1329, 1328, 1255, 1256, 1330, 1329, 1256, 1257, 1331, 1330, 1258, 1259, 1333, 1332, 1259, 1260, 1334, 1333, 1260, 1261, 1335, 1334, 1261, 1262, 1336, 1335, 1262, 1263, 1337, 1336, 1263, 1264, 1338, 1337, 1264, 1265, 1339, 1338, 1265, 1266, 1340, 1339, 1266, 1267, 1341, 1340, 1267, 1268, 1342, 1341, 1268, 1269, 1343, 1342, 1269, 1270, 1344, 1343, 1270, 1271, 1345, 1344, 1271, 1272, 1346, 1345, 1272, 1273, 1347, 1346, 1273, 1274, 1348, 1347, 1274, 1275, 1349, 1348, 1275, 1276, 1350, 1349, 1276, 1277, 1351, 1350, 1277, 1278, 1352, 1351, 1278, 1279, 1353, 1352, 1279, 1280, 1354, 1353, 1280, 1281, 1355, 1354, 1281, 1282, 1356, 1355, 1282, 1283, 1357, 1356, 1283, 1284, 1358, 1357, 1284, 1285, 1359, 1358, 1285, 1286, 1360, 1359, 1286, 1287, 1361, 1360, 1287, 1288, 1362, 1361, 1288, 1289, 1363, 1362, 1289, 1290, 1364, 1363, 1290, 1291, 1365, 1364, 1291, 1292, 1366, 1365, 1292, 1293, 1367, 1366, 1293, 1294, 1368, 1367, 1294, 1295, 1369, 1368, 1295, 1296, 1370, 1369, 1296, 1297, 1371, 1370, 1297, 1298, 1372, 1371, 1298, 1299, 1373, 1372, 1299, 1300, 1374, 1373, 1300, 1301, 1375, 1374, 1301, 1302, 1376, 1375, 1302, 1303, 1377, 1376, 1303, 1304, 1378, 1377, 1304, 1305, 1379, 1378, 1305, 1306, 1380, 1379, 1306, 1307, 1381, 1380, 1307, 1308, 1382, 1381, 1308, 1309, 1383, 1382, 1309, 1310, 1384, 1383, 1310, 1311, 1385, 1384, 1311, 1312, 1386, 1385, 1312, 1313, 1387, 1386, 1313, 1314, 1388, 1387, 1314, 1315, 1389, 1388, 1315, 1316, 1390, 1389, 1316, 1317, 1391, 1390, 1317, 1318, 1392, 1391, 1318, 1319, 1393, 1392, 1319, 1320, 1394, 1393, 1320, 1321, 1395, 1394, 1321, 1322, 1396, 1395, 1322, 1323, 1397, 1396, 1323, 1324, 1398, 1397, 1324, 1325, 1399, 1398, 1325, 1326, 1400, 1399, 1326, 1327, 1401, 1400, 1327, 1328, 1402, 1401, 1328, 1329, 1403, 1402, 1329, 1330, 1404, 1403, 1330, 1331, 1405, 1404, 1332, 1333, 1407, 1406, 1333, 1334, 1408, 1407, 1334, 1335, 1409, 1408, 1335, 1336, 1410, 1409, 1336, 1337, 1411, 1410, 1337, 1338, 1412, 1411, 1338, 1339, 1413, 1412, 1339, 1340, 1414, 1413, 1340, 1341, 1415, 1414, 1341, 1342, 1416, 1415, 1342, 1343, 1417, 1416, 1343, 1344, 1418, 1417, 1344, 1345, 1419, 1418, 1345, 1346, 1420, 1419, 1346, 1347, 1421, 1420, 1347, 1348, 1422, 1421, 1348, 1349, 1423, 1422, 1349, 1350, 1424, 1423, 1350, 1351, 1425, 1424, 1351, 1352, 1426, 1425, 1352, 1353, 1427, 1426, 1353, 1354, 1428, 1427, 1354, 1355, 1429, 1428, 1355, 1356, 1430, 1429, 1356, 1357, 1431, 1430, 1357, 1358, 1432, 1431, 1358, 1359, 1433, 1432, 1359, 1360, 1434, 1433, 1360, 1361, 1435, 1434, 1361, 1362, 1436, 1435, 1362, 1363, 1437, 1436, 1363, 1364, 1438, 1437, 1364, 1365, 1439, 1438, 1365, 1366, 1440, 1439, 1366, 1367, 1441, 1440, 1367, 1368, 1442, 1441, 1368, 1369, 1443, 1442, 1369, 1370, 1444, 1443, 1370, 1371, 1445, 1444, 1371, 1372, 1446, 1445, 1372, 1373, 1447, 1446, 1373, 1374, 1448, 1447, 1374, 1375, 1449, 1448, 1375, 1376, 1450, 1449, 1376, 1377, 1451, 1450, 1377, 1378, 1452, 1451, 1378, 1379, 1453, 1452, 1379, 1380, 1454, 1453, 1380, 1381, 1455, 1454, 1381, 1382, 1456, 1455, 1382, 1383, 1457, 1456, 1383, 1384, 1458, 1457, 1384, 1385, 1459, 1458, 1385, 1386, 1460, 1459, 1386, 1387, 1461, 1460, 1387, 1388, 1462, 1461, 1388, 1389, 1463, 1462, 1389, 1390, 1464, 1463, 1390, 1391, 1465, 1464, 1391, 1392, 1466, 1465, 1392, 1393, 1467, 1466, 1393, 1394, 1468, 1467, 1394, 1395, 1469, 1468, 1395, 1396, 1470, 1469, 1396, 1397, 1471, 1470, 1397, 1398, 1472, 1471, 1398, 1399, 1473, 1472, 1399, 1400, 1474, 1473, 1400, 1401, 1475, 1474, 1401, 1402, 1476, 1475, 1402, 1403, 1477, 1476, 1403, 1404, 1478, 1477, 1404, 1405, 1479, 1478, 1406, 1407, 1481, 1480, 1407, 1408, 1482, 1481, 1408, 1409, 1483, 1482, 1409, 1410, 1484, 1483, 1410, 1411, 1485, 1484, 1411, 1412, 1486, 1485, 1412, 1413, 1487, 1486, 1413, 1414, 1488, 1487, 1414, 1415, 1489, 1488, 1415, 1416, 1490, 1489, 1416, 1417, 1491, 1490, 1417, 1418, 1492, 1491, 1418, 1419, 1493, 1492, 1419, 1420, 1494, 1493, 1420, 1421, 1495, 1494, 1421, 1422, 1496, 1495, 1422, 1423, 1497, 1496, 1423, 1424, 1498, 1497, 1424, 1425, 1499, 1498, 1425, 1426, 1500, 1499, 1426, 1427, 1501, 1500, 1427, 1428, 1502, 1501, 1428, 1429, 1503, 1502, 1429, 1430, 1504, 1503, 1430, 1431, 1505, 1504, 1431, 1432, 1506, 1505, 1432, 1433, 1507, 1506, 1433, 1434, 1508, 1507, 1434, 1435, 1509, 1508, 1435, 1436, 1510, 1509, 1436, 1437, 1511, 1510, 1437, 1438, 1512, 1511, 1438, 1439, 1513, 1512, 1439, 1440, 1514, 1513, 1440, 1441, 1515, 1514, 1441, 1442, 1516, 1515, 1442, 1443, 1517, 1516, 1443, 1444, 1518, 1517, 1444, 1445, 1519, 1518, 1445, 1446, 1520, 1519, 1446, 1447, 1521, 1520, 1447, 1448, 1522, 1521, 1448, 1449, 1523, 1522, 1449, 1450, 1524, 1523, 1450, 1451, 1525, 1524, 1451, 1452, 1526, 1525, 1452, 1453, 1527, 1526, 1453, 1454, 1528, 1527, 1454, 1455, 1529, 1528, 1455, 1456, 1530, 1529, 1456, 1457, 1531, 1530, 1457, 1458, 1532, 1531, 1458, 1459, 1533, 1532, 1459, 1460, 1534, 1533, 1460, 1461, 1535, 1534, 1461, 1462, 1536, 1535, 1462, 1463, 1537, 1536, 1463, 1464, 1538, 1537, 1464, 1465, 1539, 1538, 1465, 1466, 1540, 1539, 1466, 1467, 1541, 1540, 1467, 1468, 1542, 1541, 1468, 1469, 1543, 1542, 1469, 1470, 1544, 1543, 1470, 1471, 1545, 1544, 1471, 1472, 1546, 1545, 1472, 1473, 1547, 1546, 1473, 1474, 1548, 1547, 1474, 1475, 1549, 1548, 1475, 1476, 1550, 1549, 1476, 1477, 1551, 1550, 1477, 1478, 1552, 1551, 1478, 1479, 1553, 1552, 1480, 1481, 1555, 1554, 1481, 1482, 1556, 1555, 1482, 1483, 1557, 1556, 1483, 1484, 1558, 1557, 1484, 1485, 1559, 1558, 1485, 1486, 1560, 1559, 1486, 1487, 1561, 1560, 1487, 1488, 1562, 1561, 1488, 1489, 1563, 1562, 1489, 1490, 1564, 1563, 1490, 1491, 1565, 1564, 1491, 1492, 1566, 1565, 1492, 1493, 1567, 1566, 1493, 1494, 1568, 1567, 1494, 1495, 1569, 1568, 1495, 1496, 1570, 1569, 1496, 1497, 1571, 1570, 1497, 1498, 1572, 1571, 1498, 1499, 1573, 1572, 1499, 1500, 1574, 1573, 1500, 1501, 1575, 1574, 1501, 1502, 1576, 1575, 1502, 1503, 1577, 1576, 1503, 1504, 1578, 1577, 1504, 1505, 1579, 1578, 1505, 1506, 1580, 1579, 1506, 1507, 1581, 1580, 1507, 1508, 1582, 1581, 1508, 1509, 1583, 1582, 1509, 1510, 1584, 1583, 1510, 1511, 1585, 1584, 1511, 1512, 1586, 1585, 1512, 1513, 1587, 1586, 1513, 1514, 1588, 1587, 1514, 1515, 1589, 1588, 1515, 1516, 1590, 1589, 1516, 1517, 1591, 1590, 1517, 1518, 1592, 1591, 1518, 1519, 1593, 1592, 1519, 1520, 1594, 1593, 1520, 1521, 1595, 1594, 1521, 1522, 1596, 1595, 1522, 1523, 1597, 1596, 1523, 1524, 1598, 1597, 1524, 1525, 1599, 1598, 1525, 1526, 1600, 1599, 1526, 1527, 1601, 1600, 1527, 1528, 1602, 1601, 1528, 1529, 1603, 1602, 1529, 1530, 1604, 1603, 1530, 1531, 1605, 1604, 1531, 1532, 1606, 1605, 1532, 1533, 1607, 1606, 1533, 1534, 1608, 1607, 1534, 1535, 1609, 1608, 1535, 1536, 1610, 1609, 1536, 1537, 1611, 1610, 1537, 1538, 1612, 1611, 1538, 1539, 1613, 1612, 1539, 1540, 1614, 1613, 1540, 1541, 1615, 1614, 1541, 1542, 1616, 1615, 1542, 1543, 1617, 1616, 1543, 1544, 1618, 1617, 1544, 1545, 1619, 1618, 1545, 1546, 1620, 1619, 1546, 1547, 1621, 1620, 1547, 1548, 1622, 1621, 1548, 1549, 1623, 1622, 1549, 1550, 1624, 1623, 1550, 1551, 1625, 1624, 1551, 1552, 1626, 1625, 1552, 1553, 1627, 1626, 1554, 1555, 1629, 1628, 1555, 1556, 1630, 1629, 1556, 1557, 1631, 1630, 1557, 1558, 1632, 1631, 1558, 1559, 1633, 1632, 1559, 1560, 1634, 1633, 1560, 1561, 1635, 1634, 1561, 1562, 1636, 1635, 1562, 1563, 1637, 1636, 1563, 1564, 1638, 1637, 1564, 1565, 1639, 1638, 1565, 1566, 1640, 1639, 1566, 1567, 1641, 1640, 1567, 1568, 1642, 1641, 1568, 1569, 1643, 1642, 1569, 1570, 1644, 1643, 1570, 1571, 1645, 1644, 1571, 1572, 1646, 1645, 1572, 1573, 1647, 1646, 1573, 1574, 1648, 1647, 1574, 1575, 1649, 1648, 1575, 1576, 1650, 1649, 1576, 1577, 1651, 1650, 1577, 1578, 1652, 1651, 1578, 1579, 1653, 1652, 1579, 1580, 1654, 1653, 1580, 1581, 1655, 1654, 1581, 1582, 1656, 1655, 1582, 1583, 1657, 1656, 1583, 1584, 1658, 1657, 1584, 1585, 1659, 1658, 1585, 1586, 1660, 1659, 1586, 1587, 1661, 1660, 1587, 1588, 1662, 1661, 1588, 1589, 1663, 1662, 1589, 1590, 1664, 1663, 1590, 1591, 1665, 1664, 1591, 1592, 1666, 1665, 1592, 1593, 1667, 1666, 1593, 1594, 1668, 1667, 1594, 1595, 1669, 1668, 1595, 1596, 1670, 1669, 1596, 1597, 1671, 1670, 1597, 1598, 1672, 1671, 1598, 1599, 1673, 1672, 1599, 1600, 1674, 1673, 1600, 1601, 1675, 1674, 1601, 1602, 1676, 1675, 1602, 1603, 1677, 1676, 1603, 1604, 1678, 1677, 1604, 1605, 1679, 1678, 1605, 1606, 1680, 1679, 1606, 1607, 1681, 1680, 1607, 1608, 1682, 1681, 1608, 1609, 1683, 1682, 1609, 1610, 1684, 1683, 1610, 1611, 1685, 1684, 1611, 1612, 1686, 1685, 1612, 1613, 1687, 1686, 1613, 1614, 1688, 1687, 1614, 1615, 1689, 1688, 1615, 1616, 1690, 1689, 1616, 1617, 1691, 1690, 1617, 1618, 1692, 1691, 1618, 1619, 1693, 1692, 1619, 1620, 1694, 1693, 1620, 1621, 1695, 1694, 1621, 1622, 1696, 1695, 1622, 1623, 1697, 1696, 1623, 1624, 1698, 1697, 1624, 1625, 1699, 1698, 1625, 1626, 1700, 1699, 1626, 1627, 1701, 1700, 1628, 1629, 1703, 1702, 1629, 1630, 1704, 1703, 1630, 1631, 1705, 1704, 1631, 1632, 1706, 1705, 1632, 1633, 1707, 1706, 1633, 1634, 1708, 1707, 1634, 1635, 1709, 1708, 1635, 1636, 1710, 1709, 1636, 1637, 1711, 1710, 1637, 1638, 1712, 1711, 1638, 1639, 1713, 1712, 1639, 1640, 1714, 1713, 1640, 1641, 1715, 1714, 1641, 1642, 1716, 1715, 1642, 1643, 1717, 1716, 1643, 1644, 1718, 1717, 1644, 1645, 1719, 1718, 1645, 1646, 1720, 1719, 1646, 1647, 1721, 1720, 1647, 1648, 1722, 1721, 1648, 1649, 1723, 1722, 1649, 1650, 1724, 1723, 1650, 1651, 1725, 1724, 1651, 1652, 1726, 1725, 1652, 1653, 1727, 1726, 1653, 1654, 1728, 1727, 1654, 1655, 1729, 1728, 1655, 1656, 1730, 1729, 1656, 1657, 1731, 1730, 1657, 1658, 1732, 1731, 1658, 1659, 1733, 1732, 1659, 1660, 1734, 1733, 1660, 1661, 1735, 1734, 1661, 1662, 1736, 1735, 1662, 1663, 1737, 1736, 1663, 1664, 1738, 1737, 1664, 1665, 1739, 1738, 1665, 1666, 1740, 1739, 1666, 1667, 1741, 1740, 1667, 1668, 1742, 1741, 1668, 1669, 1743, 1742, 1669, 1670, 1744, 1743, 1670, 1671, 1745, 1744, 1671, 1672, 1746, 1745, 1672, 1673, 1747, 1746, 1673, 1674, 1748, 1747, 1674, 1675, 1749, 1748, 1675, 1676, 1750, 1749, 1676, 1677, 1751, 1750, 1677, 1678, 1752, 1751, 1678, 1679, 1753, 1752, 1679, 1680, 1754, 1753, 1680, 1681, 1755, 1754, 1681, 1682, 1756, 1755, 1682, 1683, 1757, 1756, 1683, 1684, 1758, 1757, 1684, 1685, 1759, 1758, 1685, 1686, 1760, 1759, 1686, 1687, 1761, 1760, 1687, 1688, 1762, 1761, 1688, 1689, 1763, 1762, 1689, 1690, 1764, 1763, 1690, 1691, 1765, 1764, 1691, 1692, 1766, 1765, 1692, 1693, 1767, 1766, 1693, 1694, 1768, 1767, 1694, 1695, 1769, 1768, 1695, 1696, 1770, 1769, 1696, 1697, 1771, 1770, 1697, 1698, 1772, 1771, 1698, 1699, 1773, 1772, 1699, 1700, 1774, 1773, 1700, 1701, 1775, 1774, 1702, 1703, 1777, 1776, 1703, 1704, 1778, 1777, 1704, 1705, 1779, 1778, 1705, 1706, 1780, 1779, 1706, 1707, 1781, 1780, 1707, 1708, 1782, 1781, 1708, 1709, 1783, 1782, 1709, 1710, 1784, 1783, 1710, 1711, 1785, 1784, 1711, 1712, 1786, 1785, 1712, 1713, 1787, 1786, 1713, 1714, 1788, 1787, 1714, 1715, 1789, 1788, 1715, 1716, 1790, 1789, 1716, 1717, 1791, 1790, 1717, 1718, 1792, 1791, 1718, 1719, 1793, 1792, 1719, 1720, 1794, 1793, 1720, 1721, 1795, 1794, 1721, 1722, 1796, 1795, 1722, 1723, 1797, 1796, 1723, 1724, 1798, 1797, 1724, 1725, 1799, 1798, 1725, 1726, 1800, 1799, 1726, 1727, 1801, 1800, 1727, 1728, 1802, 1801, 1728, 1729, 1803, 1802, 1729, 1730, 1804, 1803, 1730, 1731, 1805, 1804, 1731, 1732, 1806, 1805, 1732, 1733, 1807, 1806, 1733, 1734, 1808, 1807, 1734, 1735, 1809, 1808, 1735, 1736, 1810, 1809, 1736, 1737, 1811, 1810, 1737, 1738, 1812, 1811, 1738, 1739, 1813, 1812, 1739, 1740, 1814, 1813, 1740, 1741, 1815, 1814, 1741, 1742, 1816, 1815, 1742, 1743, 1817, 1816, 1743, 1744, 1818, 1817, 1744, 1745, 1819, 1818, 1745, 1746, 1820, 1819, 1746, 1747, 1821, 1820, 1747, 1748, 1822, 1821, 1748, 1749, 1823, 1822, 1749, 1750, 1824, 1823, 1750, 1751, 1825, 1824, 1751, 1752, 1826, 1825, 1752, 1753, 1827, 1826, 1753, 1754, 1828, 1827, 1754, 1755, 1829, 1828, 1755, 1756, 1830, 1829, 1756, 1757, 1831, 1830, 1757, 1758, 1832, 1831, 1758, 1759, 1833, 1832, 1759, 1760, 1834, 1833, 1760, 1761, 1835, 1834, 1761, 1762, 1836, 1835, 1762, 1763, 1837, 1836, 1763, 1764, 1838, 1837, 1764, 1765, 1839, 1838, 1765, 1766, 1840, 1839, 1766, 1767, 1841, 1840, 1767, 1768, 1842, 1841, 1768, 1769, 1843, 1842, 1769, 1770, 1844, 1843, 1770, 1771, 1845, 1844, 1771, 1772, 1846, 1845, 1772, 1773, 1847, 1846, 1773, 1774, 1848, 1847, 1774, 1775, 1849, 1848, 1776, 1777, 1851, 1850, 1777, 1778, 1852, 1851, 1778, 1779, 1853, 1852, 1779, 1780, 1854, 1853, 1780, 1781, 1855, 1854, 1781, 1782, 1856, 1855, 1782, 1783, 1857, 1856, 1783, 1784, 1858, 1857, 1784, 1785, 1859, 1858, 1785, 1786, 1860, 1859, 1786, 1787, 1861, 1860, 1787, 1788, 1862, 1861, 1788, 1789, 1863, 1862, 1789, 1790, 1864, 1863, 1790, 1791, 1865, 1864, 1791, 1792, 1866, 1865, 1792, 1793, 1867, 1866, 1793, 1794, 1868, 1867, 1794, 1795, 1869, 1868, 1795, 1796, 1870, 1869, 1796, 1797, 1871, 1870, 1797, 1798, 1872, 1871, 1798, 1799, 1873, 1872, 1799, 1800, 1874, 1873, 1800, 1801, 1875, 1874, 1801, 1802, 1876, 1875, 1802, 1803, 1877, 1876, 1803, 1804, 1878, 1877, 1804, 1805, 1879, 1878, 1805, 1806, 1880, 1879, 1806, 1807, 1881, 1880, 1807, 1808, 1882, 1881, 1808, 1809, 1883, 1882, 1809, 1810, 1884, 1883, 1810, 1811, 1885, 1884, 1811, 1812, 1886, 1885, 1812, 1813, 1887, 1886, 1813, 1814, 1888, 1887, 1814, 1815, 1889, 1888, 1815, 1816, 1890, 1889, 1816, 1817, 1891, 1890, 1817, 1818, 1892, 1891, 1818, 1819, 1893, 1892, 1819, 1820, 1894, 1893, 1820, 1821, 1895, 1894, 1821, 1822, 1896, 1895, 1822, 1823, 1897, 1896, 1823, 1824, 1898, 1897, 1824, 1825, 1899, 1898, 1825, 1826, 1900, 1899, 1826, 1827, 1901, 1900, 1827, 1828, 1902, 1901, 1828, 1829, 1903, 1902, 1829, 1830, 1904, 1903, 1830, 1831, 1905, 1904, 1831, 1832, 1906, 1905, 1832, 1833, 1907, 1906, 1833, 1834, 1908, 1907, 1834, 1835, 1909, 1908, 1835, 1836, 1910, 1909, 1836, 1837, 1911, 1910, 1837, 1838, 1912, 1911, 1838, 1839, 1913, 1912, 1839, 1840, 1914, 1913, 1840, 1841, 1915, 1914, 1841, 1842, 1916, 1915, 1842, 1843, 1917, 1916, 1843, 1844, 1918, 1917, 1844, 1845, 1919, 1918, 1845, 1846, 1920, 1919, 1846, 1847, 1921, 1920, 1847, 1848, 1922, 1921, 1848, 1849, 1923, 1922, 1850, 1851, 1925, 1924, 1851, 1852, 1926, 1925, 1852, 1853, 1927, 1926, 1853, 1854, 1928, 1927, 1854, 1855, 1929, 1928, 1855, 1856, 1930, 1929, 1856, 1857, 1931, 1930, 1857, 1858, 1932, 1931, 1858, 1859, 1933, 1932, 1859, 1860, 1934, 1933, 1860, 1861, 1935, 1934, 1861, 1862, 1936, 1935, 1862, 1863, 1937, 1936, 1863, 1864, 1938, 1937, 1864, 1865, 1939, 1938, 1865, 1866, 1940, 1939, 1866, 1867, 1941, 1940, 1867, 1868, 1942, 1941, 1868, 1869, 1943, 1942, 1869, 1870, 1944, 1943, 1870, 1871, 1945, 1944, 1871, 1872, 1946, 1945, 1872, 1873, 1947, 1946, 1873, 1874, 1948, 1947, 1874, 1875, 1949, 1948, 1875, 1876, 1950, 1949, 1876, 1877, 1951, 1950, 1877, 1878, 1952, 1951, 1878, 1879, 1953, 1952, 1879, 1880, 1954, 1953, 1880, 1881, 1955, 1954, 1881, 1882, 1956, 1955, 1882, 1883, 1957, 1956, 1883, 1884, 1958, 1957, 1884, 1885, 1959, 1958, 1885, 1886, 1960, 1959, 1886, 1887, 1961, 1960, 1887, 1888, 1962, 1961, 1888, 1889, 1963, 1962, 1889, 1890, 1964, 1963, 1890, 1891, 1965, 1964, 1891, 1892, 1966, 1965, 1892, 1893, 1967, 1966, 1893, 1894, 1968, 1967, 1894, 1895, 1969, 1968, 1895, 1896, 1970, 1969, 1896, 1897, 1971, 1970, 1897, 1898, 1972, 1971, 1898, 1899, 1973, 1972, 1899, 1900, 1974, 1973, 1900, 1901, 1975, 1974, 1901, 1902, 1976, 1975, 1902, 1903, 1977, 1976, 1903, 1904, 1978, 1977, 1904, 1905, 1979, 1978, 1905, 1906, 1980, 1979, 1906, 1907, 1981, 1980, 1907, 1908, 1982, 1981, 1908, 1909, 1983, 1982, 1909, 1910, 1984, 1983, 1910, 1911, 1985, 1984, 1911, 1912, 1986, 1985, 1912, 1913, 1987, 1986, 1913, 1914, 1988, 1987, 1914, 1915, 1989, 1988, 1915, 1916, 1990, 1989, 1916, 1917, 1991, 1990, 1917, 1918, 1992, 1991, 1918, 1919, 1993, 1992, 1919, 1920, 1994, 1993, 1920, 1921, 1995, 1994, 1921, 1922, 1996, 1995, 1922, 1923, 1997, 1996, 1924, 1925, 1999, 1998, 1925, 1926, 2000, 1999, 1926, 1927, 2001, 2000, 1927, 1928, 2002, 2001, 1928, 1929, 2003, 2002, 1929, 1930, 2004, 2003, 1930, 1931, 2005, 2004, 1931, 1932, 2006, 2005, 1932, 1933, 2007, 2006, 1933, 1934, 2008, 2007, 1934, 1935, 2009, 2008, 1935, 1936, 2010, 2009, 1936, 1937, 2011, 2010, 1937, 1938, 2012, 2011, 1938, 1939, 2013, 2012, 1939, 1940, 2014, 2013, 1940, 1941, 2015, 2014, 1941, 1942, 2016, 2015, 1942, 1943, 2017, 2016, 1943, 1944, 2018, 2017, 1944, 1945, 2019, 2018, 1945, 1946, 2020, 2019, 1946, 1947, 2021, 2020, 1947, 1948, 2022, 2021, 1948, 1949, 2023, 2022, 1949, 1950, 2024, 2023, 1950, 1951, 2025, 2024, 1951, 1952, 2026, 2025, 1952, 1953, 2027, 2026, 1953, 1954, 2028, 2027, 1954, 1955, 2029, 2028, 1955, 1956, 2030, 2029, 1956, 1957, 2031, 2030, 1957, 1958, 2032, 2031, 1958, 1959, 2033, 2032, 1959, 1960, 2034, 2033, 1960, 1961, 2035, 2034, 1961, 1962, 2036, 2035, 1962, 1963, 2037, 2036, 1963, 1964, 2038, 2037, 1964, 1965, 2039, 2038, 1965, 1966, 2040, 2039, 1966, 1967, 2041, 2040, 1967, 1968, 2042, 2041, 1968, 1969, 2043, 2042, 1969, 1970, 2044, 2043, 1970, 1971, 2045, 2044, 1971, 1972, 2046, 2045, 1972, 1973, 2047, 2046, 1973, 1974, 2048, 2047, 1974, 1975, 2049, 2048, 1975, 1976, 2050, 2049, 1976, 1977, 2051, 2050, 1977, 1978, 2052, 2051, 1978, 1979, 2053, 2052, 1979, 1980, 2054, 2053, 1980, 1981, 2055, 2054, 1981, 1982, 2056, 2055, 1982, 1983, 2057, 2056, 1983, 1984, 2058, 2057, 1984, 1985, 2059, 2058, 1985, 1986, 2060, 2059, 1986, 1987, 2061, 2060, 1987, 1988, 2062, 2061, 1988, 1989, 2063, 2062, 1989, 1990, 2064, 2063, 1990, 1991, 2065, 2064, 1991, 1992, 2066, 2065, 1992, 1993, 2067, 2066, 1993, 1994, 2068, 2067, 1994, 1995, 2069, 2068, 1995, 1996, 2070, 2069, 1996, 1997, 2071, 2070, 1998, 1999, 2073, 2072, 1999, 2000, 2074, 2073, 2000, 2001, 2075, 2074, 2001, 2002, 2076, 2075, 2002, 2003, 2077, 2076, 2003, 2004, 2078, 2077, 2004, 2005, 2079, 2078, 2005, 2006, 2080, 2079, 2006, 2007, 2081, 2080, 2007, 2008, 2082, 2081, 2008, 2009, 2083, 2082, 2009, 2010, 2084, 2083, 2010, 2011, 2085, 2084, 2011, 2012, 2086, 2085, 2012, 2013, 2087, 2086, 2013, 2014, 2088, 2087, 2014, 2015, 2089, 2088, 2015, 2016, 2090, 2089, 2016, 2017, 2091, 2090, 2017, 2018, 2092, 2091, 2018, 2019, 2093, 2092, 2019, 2020, 2094, 2093, 2020, 2021, 2095, 2094, 2021, 2022, 2096, 2095, 2022, 2023, 2097, 2096, 2023, 2024, 2098, 2097, 2024, 2025, 2099, 2098, 2025, 2026, 2100, 2099, 2026, 2027, 2101, 2100, 2027, 2028, 2102, 2101, 2028, 2029, 2103, 2102, 2029, 2030, 2104, 2103, 2030, 2031, 2105, 2104, 2031, 2032, 2106, 2105, 2032, 2033, 2107, 2106, 2033, 2034, 2108, 2107, 2034, 2035, 2109, 2108, 2035, 2036, 2110, 2109, 2036, 2037, 2111, 2110, 2037, 2038, 2112, 2111, 2038, 2039, 2113, 2112, 2039, 2040, 2114, 2113, 2040, 2041, 2115, 2114, 2041, 2042, 2116, 2115, 2042, 2043, 2117, 2116, 2043, 2044, 2118, 2117, 2044, 2045, 2119, 2118, 2045, 2046, 2120, 2119, 2046, 2047, 2121, 2120, 2047, 2048, 2122, 2121, 2048, 2049, 2123, 2122, 2049, 2050, 2124, 2123, 2050, 2051, 2125, 2124, 2051, 2052, 2126, 2125, 2052, 2053, 2127, 2126, 2053, 2054, 2128, 2127, 2054, 2055, 2129, 2128, 2055, 2056, 2130, 2129, 2056, 2057, 2131, 2130, 2057, 2058, 2132, 2131, 2058, 2059, 2133, 2132, 2059, 2060, 2134, 2133, 2060, 2061, 2135, 2134, 2061, 2062, 2136, 2135, 2062, 2063, 2137, 2136, 2063, 2064, 2138, 2137, 2064, 2065, 2139, 2138, 2065, 2066, 2140, 2139, 2066, 2067, 2141, 2140, 2067, 2068, 2142, 2141, 2068, 2069, 2143, 2142, 2069, 2070, 2144, 2143, 2070, 2071, 2145, 2144, 2072, 2073, 2147, 2146, 2073, 2074, 2148, 2147, 2074, 2075, 2149, 2148, 2075, 2076, 2150, 2149, 2076, 2077, 2151, 2150, 2077, 2078, 2152, 2151, 2078, 2079, 2153, 2152, 2079, 2080, 2154, 2153, 2080, 2081, 2155, 2154, 2081, 2082, 2156, 2155, 2082, 2083, 2157, 2156, 2083, 2084, 2158, 2157, 2084, 2085, 2159, 2158, 2085, 2086, 2160, 2159, 2086, 2087, 2161, 2160, 2087, 2088, 2162, 2161, 2088, 2089, 2163, 2162, 2089, 2090, 2164, 2163, 2090, 2091, 2165, 2164, 2091, 2092, 2166, 2165, 2092, 2093, 2167, 2166, 2093, 2094, 2168, 2167, 2094, 2095, 2169, 2168, 2095, 2096, 2170, 2169, 2096, 2097, 2171, 2170, 2097, 2098, 2172, 2171, 2098, 2099, 2173, 2172, 2099, 2100, 2174, 2173, 2100, 2101, 2175, 2174, 2101, 2102, 2176, 2175, 2102, 2103, 2177, 2176, 2103, 2104, 2178, 2177, 2104, 2105, 2179, 2178, 2105, 2106, 2180, 2179, 2106, 2107, 2181, 2180, 2107, 2108, 2182, 2181, 2108, 2109, 2183, 2182, 2109, 2110, 2184, 2183, 2110, 2111, 2185, 2184, 2111, 2112, 2186, 2185, 2112, 2113, 2187, 2186, 2113, 2114, 2188, 2187, 2114, 2115, 2189, 2188, 2115, 2116, 2190, 2189, 2116, 2117, 2191, 2190, 2117, 2118, 2192, 2191, 2118, 2119, 2193, 2192, 2119, 2120, 2194, 2193, 2120, 2121, 2195, 2194, 2121, 2122, 2196, 2195, 2122, 2123, 2197, 2196, 2123, 2124, 2198, 2197, 2124, 2125, 2199, 2198, 2125, 2126, 2200, 2199, 2126, 2127, 2201, 2200, 2127, 2128, 2202, 2201, 2128, 2129, 2203, 2202, 2129, 2130, 2204, 2203, 2130, 2131, 2205, 2204, 2131, 2132, 2206, 2205, 2132, 2133, 2207, 2206, 2133, 2134, 2208, 2207, 2134, 2135, 2209, 2208, 2135, 2136, 2210, 2209, 2136, 2137, 2211, 2210, 2137, 2138, 2212, 2211, 2138, 2139, 2213, 2212, 2139, 2140, 2214, 2213, 2140, 2141, 2215, 2214, 2141, 2142, 2216, 2215, 2142, 2143, 2217, 2216, 2143, 2144, 2218, 2217, 2144, 2145, 2219, 2218, 2146, 2147, 2221, 2220, 2147, 2148, 2222, 2221, 2148, 2149, 2223, 2222, 2149, 2150, 2224, 2223, 2150, 2151, 2225, 2224, 2151, 2152, 2226, 2225, 2152, 2153, 2227, 2226, 2153, 2154, 2228, 2227, 2154, 2155, 2229, 2228, 2155, 2156, 2230, 2229, 2156, 2157, 2231, 2230, 2157, 2158, 2232, 2231, 2158, 2159, 2233, 2232, 2159, 2160, 2234, 2233, 2160, 2161, 2235, 2234, 2161, 2162, 2236, 2235, 2162, 2163, 2237, 2236, 2163, 2164, 2238, 2237, 2164, 2165, 2239, 2238, 2165, 2166, 2240, 2239, 2166, 2167, 2241, 2240, 2167, 2168, 2242, 2241, 2168, 2169, 2243, 2242, 2169, 2170, 2244, 2243, 2170, 2171, 2245, 2244, 2171, 2172, 2246, 2245, 2172, 2173, 2247, 2246, 2173, 2174, 2248, 2247, 2174, 2175, 2249, 2248, 2175, 2176, 2250, 2249, 2176, 2177, 2251, 2250, 2177, 2178, 2252, 2251, 2178, 2179, 2253, 2252, 2179, 2180, 2254, 2253, 2180, 2181, 2255, 2254, 2181, 2182, 2256, 2255, 2182, 2183, 2257, 2256, 2183, 2184, 2258, 2257, 2184, 2185, 2259, 2258, 2185, 2186, 2260, 2259, 2186, 2187, 2261, 2260, 2187, 2188, 2262, 2261, 2188, 2189, 2263, 2262, 2189, 2190, 2264, 2263, 2190, 2191, 2265, 2264, 2191, 2192, 2266, 2265, 2192, 2193, 2267, 2266, 2193, 2194, 2268, 2267, 2194, 2195, 2269, 2268, 2195, 2196, 2270, 2269, 2196, 2197, 2271, 2270, 2197, 2198, 2272, 2271, 2198, 2199, 2273, 2272, 2199, 2200, 2274, 2273, 2200, 2201, 2275, 2274, 2201, 2202, 2276, 2275, 2202, 2203, 2277, 2276, 2203, 2204, 2278, 2277, 2204, 2205, 2279, 2278, 2205, 2206, 2280, 2279, 2206, 2207, 2281, 2280, 2207, 2208, 2282, 2281, 2208, 2209, 2283, 2282, 2209, 2210, 2284, 2283, 2210, 2211, 2285, 2284, 2211, 2212, 2286, 2285, 2212, 2213, 2287, 2286, 2213, 2214, 2288, 2287, 2214, 2215, 2289, 2288, 2215, 2216, 2290, 2289, 2216, 2217, 2291, 2290, 2217, 2218, 2292, 2291, 2218, 2219, 2293, 2292, 2220, 2221, 2295, 2294, 2221, 2222, 2296, 2295, 2222, 2223, 2297, 2296, 2223, 2224, 2298, 2297, 2224, 2225, 2299, 2298, 2225, 2226, 2300, 2299, 2226, 2227, 2301, 2300, 2227, 2228, 2302, 2301, 2228, 2229, 2303, 2302, 2229, 2230, 2304, 2303, 2230, 2231, 2305, 2304, 2231, 2232, 2306, 2305, 2232, 2233, 2307, 2306, 2233, 2234, 2308, 2307, 2234, 2235, 2309, 2308, 2235, 2236, 2310, 2309, 2236, 2237, 2311, 2310, 2237, 2238, 2312, 2311, 2238, 2239, 2313, 2312, 2239, 2240, 2314, 2313, 2240, 2241, 2315, 2314, 2241, 2242, 2316, 2315, 2242, 2243, 2317, 2316, 2243, 2244, 2318, 2317, 2244, 2245, 2319, 2318, 2245, 2246, 2320, 2319, 2246, 2247, 2321, 2320, 2247, 2248, 2322, 2321, 2248, 2249, 2323, 2322, 2249, 2250, 2324, 2323, 2250, 2251, 2325, 2324, 2251, 2252, 2326, 2325, 2252, 2253, 2327, 2326, 2253, 2254, 2328, 2327, 2254, 2255, 2329, 2328, 2255, 2256, 2330, 2329, 2256, 2257, 2331, 2330, 2257, 2258, 2332, 2331, 2258, 2259, 2333, 2332, 2259, 2260, 2334, 2333, 2260, 2261, 2335, 2334, 2261, 2262, 2336, 2335, 2262, 2263, 2337, 2336, 2263, 2264, 2338, 2337, 2264, 2265, 2339, 2338, 2265, 2266, 2340, 2339, 2266, 2267, 2341, 2340, 2267, 2268, 2342, 2341, 2268, 2269, 2343, 2342, 2269, 2270, 2344, 2343, 2270, 2271, 2345, 2344, 2271, 2272, 2346, 2345, 2272, 2273, 2347, 2346, 2273, 2274, 2348, 2347, 2274, 2275, 2349, 2348, 2275, 2276, 2350, 2349, 2276, 2277, 2351, 2350, 2277, 2278, 2352, 2351, 2278, 2279, 2353, 2352, 2279, 2280, 2354, 2353, 2280, 2281, 2355, 2354, 2281, 2282, 2356, 2355, 2282, 2283, 2357, 2356, 2283, 2284, 2358, 2357, 2284, 2285, 2359, 2358, 2285, 2286, 2360, 2359, 2286, 2287, 2361, 2360, 2287, 2288, 2362, 2361, 2288, 2289, 2363, 2362, 2289, 2290, 2364, 2363, 2290, 2291, 2365, 2364, 2291, 2292, 2366, 2365, 2292, 2293, 2367, 2366, 2294, 2295, 2369, 2368, 2295, 2296, 2370, 2369, 2296, 2297, 2371, 2370, 2297, 2298, 2372, 2371, 2298, 2299, 2373, 2372, 2299, 2300, 2374, 2373, 2300, 2301, 2375, 2374, 2301, 2302, 2376, 2375, 2302, 2303, 2377, 2376, 2303, 2304, 2378, 2377, 2304, 2305, 2379, 2378, 2305, 2306, 2380, 2379, 2306, 2307, 2381, 2380, 2307, 2308, 2382, 2381, 2308, 2309, 2383, 2382, 2309, 2310, 2384, 2383, 2310, 2311, 2385, 2384, 2311, 2312, 2386, 2385, 2312, 2313, 2387, 2386, 2313, 2314, 2388, 2387, 2314, 2315, 2389, 2388, 2315, 2316, 2390, 2389, 2316, 2317, 2391, 2390, 2317, 2318, 2392, 2391, 2318, 2319, 2393, 2392, 2319, 2320, 2394, 2393, 2320, 2321, 2395, 2394, 2321, 2322, 2396, 2395, 2322, 2323, 2397, 2396, 2323, 2324, 2398, 2397, 2324, 2325, 2399, 2398, 2325, 2326, 2400, 2399, 2326, 2327, 2401, 2400, 2327, 2328, 2402, 2401, 2328, 2329, 2403, 2402, 2329, 2330, 2404, 2403, 2330, 2331, 2405, 2404, 2331, 2332, 2406, 2405, 2332, 2333, 2407, 2406, 2333, 2334, 2408, 2407, 2334, 2335, 2409, 2408, 2335, 2336, 2410, 2409, 2336, 2337, 2411, 2410, 2337, 2338, 2412, 2411, 2338, 2339, 2413, 2412, 2339, 2340, 2414, 2413, 2340, 2341, 2415, 2414, 2341, 2342, 2416, 2415, 2342, 2343, 2417, 2416, 2343, 2344, 2418, 2417, 2344, 2345, 2419, 2418, 2345, 2346, 2420, 2419, 2346, 2347, 2421, 2420, 2347, 2348, 2422, 2421, 2348, 2349, 2423, 2422, 2349, 2350, 2424, 2423, 2350, 2351, 2425, 2424, 2351, 2352, 2426, 2425, 2352, 2353, 2427, 2426, 2353, 2354, 2428, 2427, 2354, 2355, 2429, 2428, 2355, 2356, 2430, 2429, 2356, 2357, 2431, 2430, 2357, 2358, 2432, 2431, 2358, 2359, 2433, 2432, 2359, 2360, 2434, 2433, 2360, 2361, 2435, 2434, 2361, 2362, 2436, 2435, 2362, 2363, 2437, 2436, 2363, 2364, 2438, 2437, 2364, 2365, 2439, 2438, 2365, 2366, 2440, 2439, 2366, 2367, 2441, 2440, 2368, 2369, 2443, 2442, 2369, 2370, 2444, 2443, 2370, 2371, 2445, 2444, 2371, 2372, 2446, 2445, 2372, 2373, 2447, 2446, 2373, 2374, 2448, 2447, 2374, 2375, 2449, 2448, 2375, 2376, 2450, 2449, 2376, 2377, 2451, 2450, 2377, 2378, 2452, 2451, 2378, 2379, 2453, 2452, 2379, 2380, 2454, 2453, 2380, 2381, 2455, 2454, 2381, 2382, 2456, 2455, 2382, 2383, 2457, 2456, 2383, 2384, 2458, 2457, 2384, 2385, 2459, 2458, 2385, 2386, 2460, 2459, 2386, 2387, 2461, 2460, 2387, 2388, 2462, 2461, 2388, 2389, 2463, 2462, 2389, 2390, 2464, 2463, 2390, 2391, 2465, 2464, 2391, 2392, 2466, 2465, 2392, 2393, 2467, 2466, 2393, 2394, 2468, 2467, 2394, 2395, 2469, 2468, 2395, 2396, 2470, 2469, 2396, 2397, 2471, 2470, 2397, 2398, 2472, 2471, 2398, 2399, 2473, 2472, 2399, 2400, 2474, 2473, 2400, 2401, 2475, 2474, 2401, 2402, 2476, 2475, 2402, 2403, 2477, 2476, 2403, 2404, 2478, 2477, 2404, 2405, 2479, 2478, 2405, 2406, 2480, 2479, 2406, 2407, 2481, 2480, 2407, 2408, 2482, 2481, 2408, 2409, 2483, 2482, 2409, 2410, 2484, 2483, 2410, 2411, 2485, 2484, 2411, 2412, 2486, 2485, 2412, 2413, 2487, 2486, 2413, 2414, 2488, 2487, 2414, 2415, 2489, 2488, 2415, 2416, 2490, 2489, 2416, 2417, 2491, 2490, 2417, 2418, 2492, 2491, 2418, 2419, 2493, 2492, 2419, 2420, 2494, 2493, 2420, 2421, 2495, 2494, 2421, 2422, 2496, 2495, 2422, 2423, 2497, 2496, 2423, 2424, 2498, 2497, 2424, 2425, 2499, 2498, 2425, 2426, 2500, 2499, 2426, 2427, 2501, 2500, 2427, 2428, 2502, 2501, 2428, 2429, 2503, 2502, 2429, 2430, 2504, 2503, 2430, 2431, 2505, 2504, 2431, 2432, 2506, 2505, 2432, 2433, 2507, 2506, 2433, 2434, 2508, 2507, 2434, 2435, 2509, 2508, 2435, 2436, 2510, 2509, 2436, 2437, 2511, 2510, 2437, 2438, 2512, 2511, 2438, 2439, 2513, 2512, 2439, 2440, 2514, 2513, 2440, 2441, 2515, 2514, 2442, 2443, 2517, 2516, 2443, 2444, 2518, 2517, 2444, 2445, 2519, 2518, 2445, 2446, 2520, 2519, 2446, 2447, 2521, 2520, 2447, 2448, 2522, 2521, 2448, 2449, 2523, 2522, 2449, 2450, 2524, 2523, 2450, 2451, 2525, 2524, 2451, 2452, 2526, 2525, 2452, 2453, 2527, 2526, 2453, 2454, 2528, 2527, 2454, 2455, 2529, 2528, 2455, 2456, 2530, 2529, 2456, 2457, 2531, 2530, 2457, 2458, 2532, 2531, 2458, 2459, 2533, 2532, 2459, 2460, 2534, 2533, 2460, 2461, 2535, 2534, 2461, 2462, 2536, 2535, 2462, 2463, 2537, 2536, 2463, 2464, 2538, 2537, 2464, 2465, 2539, 2538, 2465, 2466, 2540, 2539, 2466, 2467, 2541, 2540, 2467, 2468, 2542, 2541, 2468, 2469, 2543, 2542, 2469, 2470, 2544, 2543, 2470, 2471, 2545, 2544, 2471, 2472, 2546, 2545, 2472, 2473, 2547, 2546, 2473, 2474, 2548, 2547, 2474, 2475, 2549, 2548, 2475, 2476, 2550, 2549, 2476, 2477, 2551, 2550, 2477, 2478, 2552, 2551, 2478, 2479, 2553, 2552, 2479, 2480, 2554, 2553, 2480, 2481, 2555, 2554, 2481, 2482, 2556, 2555, 2482, 2483, 2557, 2556, 2483, 2484, 2558, 2557, 2484, 2485, 2559, 2558, 2485, 2486, 2560, 2559, 2486, 2487, 2561, 2560, 2487, 2488, 2562, 2561, 2488, 2489, 2563, 2562, 2489, 2490, 2564, 2563, 2490, 2491, 2565, 2564, 2491, 2492, 2566, 2565, 2492, 2493, 2567, 2566, 2493, 2494, 2568, 2567, 2494, 2495, 2569, 2568, 2495, 2496, 2570, 2569, 2496, 2497, 2571, 2570, 2497, 2498, 2572, 2571, 2498, 2499, 2573, 2572, 2499, 2500, 2574, 2573, 2500, 2501, 2575, 2574, 2501, 2502, 2576, 2575, 2502, 2503, 2577, 2576, 2503, 2504, 2578, 2577, 2504, 2505, 2579, 2578, 2505, 2506, 2580, 2579, 2506, 2507, 2581, 2580, 2507, 2508, 2582, 2581, 2508, 2509, 2583, 2582, 2509, 2510, 2584, 2583, 2510, 2511, 2585, 2584, 2511, 2512, 2586, 2585, 2512, 2513, 2587, 2586, 2513, 2514, 2588, 2587, 2514, 2515, 2589, 2588, 2516, 2517, 2591, 2590, 2517, 2518, 2592, 2591, 2518, 2519, 2593, 2592, 2519, 2520, 2594, 2593, 2520, 2521, 2595, 2594, 2521, 2522, 2596, 2595, 2522, 2523, 2597, 2596, 2523, 2524, 2598, 2597, 2524, 2525, 2599, 2598, 2525, 2526, 2600, 2599, 2526, 2527, 2601, 2600, 2527, 2528, 2602, 2601, 2528, 2529, 2603, 2602, 2529, 2530, 2604, 2603, 2530, 2531, 2605, 2604, 2531, 2532, 2606, 2605, 2532, 2533, 2607, 2606, 2533, 2534, 2608, 2607, 2534, 2535, 2609, 2608, 2535, 2536, 2610, 2609, 2536, 2537, 2611, 2610, 2537, 2538, 2612, 2611, 2538, 2539, 2613, 2612, 2539, 2540, 2614, 2613, 2540, 2541, 2615, 2614, 2541, 2542, 2616, 2615, 2542, 2543, 2617, 2616, 2543, 2544, 2618, 2617, 2544, 2545, 2619, 2618, 2545, 2546, 2620, 2619, 2546, 2547, 2621, 2620, 2547, 2548, 2622, 2621, 2548, 2549, 2623, 2622, 2549, 2550, 2624, 2623, 2550, 2551, 2625, 2624, 2551, 2552, 2626, 2625, 2552, 2553, 2627, 2626, 2553, 2554, 2628, 2627, 2554, 2555, 2629, 2628, 2555, 2556, 2630, 2629, 2556, 2557, 2631, 2630, 2557, 2558, 2632, 2631, 2558, 2559, 2633, 2632, 2559, 2560, 2634, 2633, 2560, 2561, 2635, 2634, 2561, 2562, 2636, 2635, 2562, 2563, 2637, 2636, 2563, 2564, 2638, 2637, 2564, 2565, 2639, 2638, 2565, 2566, 2640, 2639, 2566, 2567, 2641, 2640, 2567, 2568, 2642, 2641, 2568, 2569, 2643, 2642, 2569, 2570, 2644, 2643, 2570, 2571, 2645, 2644, 2571, 2572, 2646, 2645, 2572, 2573, 2647, 2646, 2573, 2574, 2648, 2647, 2574, 2575, 2649, 2648, 2575, 2576, 2650, 2649, 2576, 2577, 2651, 2650, 2577, 2578, 2652, 2651, 2578, 2579, 2653, 2652, 2579, 2580, 2654, 2653, 2580, 2581, 2655, 2654, 2581, 2582, 2656, 2655, 2582, 2583, 2657, 2656, 2583, 2584, 2658, 2657, 2584, 2585, 2659, 2658, 2585, 2586, 2660, 2659, 2586, 2587, 2661, 2660, 2587, 2588, 2662, 2661, 2588, 2589, 2663, 2662, 2590, 2591, 2665, 2664, 2591, 2592, 2666, 2665, 2592, 2593, 2667, 2666, 2593, 2594, 2668, 2667, 2594, 2595, 2669, 2668, 2595, 2596, 2670, 2669, 2596, 2597, 2671, 2670, 2597, 2598, 2672, 2671, 2598, 2599, 2673, 2672, 2599, 2600, 2674, 2673, 2600, 2601, 2675, 2674, 2601, 2602, 2676, 2675, 2602, 2603, 2677, 2676, 2603, 2604, 2678, 2677, 2604, 2605, 2679, 2678, 2605, 2606, 2680, 2679, 2606, 2607, 2681, 2680, 2607, 2608, 2682, 2681, 2608, 2609, 2683, 2682, 2609, 2610, 2684, 2683, 2610, 2611, 2685, 2684, 2611, 2612, 2686, 2685, 2612, 2613, 2687, 2686, 2613, 2614, 2688, 2687, 2614, 2615, 2689, 2688, 2615, 2616, 2690, 2689, 2616, 2617, 2691, 2690, 2617, 2618, 2692, 2691, 2618, 2619, 2693, 2692, 2619, 2620, 2694, 2693, 2620, 2621, 2695, 2694, 2621, 2622, 2696, 2695, 2622, 2623, 2697, 2696, 2623, 2624, 2698, 2697, 2624, 2625, 2699, 2698, 2625, 2626, 2700, 2699, 2626, 2627, 2701, 2700, 2627, 2628, 2702, 2701, 2628, 2629, 2703, 2702, 2629, 2630, 2704, 2703, 2630, 2631, 2705, 2704, 2631, 2632, 2706, 2705, 2632, 2633, 2707, 2706, 2633, 2634, 2708, 2707, 2634, 2635, 2709, 2708, 2635, 2636, 2710, 2709, 2636, 2637, 2711, 2710, 2637, 2638, 2712, 2711, 2638, 2639, 2713, 2712, 2639, 2640, 2714, 2713, 2640, 2641, 2715, 2714, 2641, 2642, 2716, 2715, 2642, 2643, 2717, 2716, 2643, 2644, 2718, 2717, 2644, 2645, 2719, 2718, 2645, 2646, 2720, 2719, 2646, 2647, 2721, 2720, 2647, 2648, 2722, 2721, 2648, 2649, 2723, 2722, 2649, 2650, 2724, 2723, 2650, 2651, 2725, 2724, 2651, 2652, 2726, 2725, 2652, 2653, 2727, 2726, 2653, 2654, 2728, 2727, 2654, 2655, 2729, 2728, 2655, 2656, 2730, 2729, 2656, 2657, 2731, 2730, 2657, 2658, 2732, 2731, 2658, 2659, 2733, 2732, 2659, 2660, 2734, 2733, 2660, 2661, 2735, 2734, 2661, 2662, 2736, 2735, 2662, 2663, 2737, 2736, 2664, 2665, 2739, 2738, 2665, 2666, 2740, 2739, 2666, 2667, 2741, 2740, 2667, 2668, 2742, 2741, 2668, 2669, 2743, 2742, 2669, 2670, 2744, 2743, 2670, 2671, 2745, 2744, 2671, 2672, 2746, 2745, 2672, 2673, 2747, 2746, 2673, 2674, 2748, 2747, 2674, 2675, 2749, 2748, 2675, 2676, 2750, 2749, 2676, 2677, 2751, 2750, 2677, 2678, 2752, 2751, 2678, 2679, 2753, 2752, 2679, 2680, 2754, 2753, 2680, 2681, 2755, 2754, 2681, 2682, 2756, 2755, 2682, 2683, 2757, 2756, 2683, 2684, 2758, 2757, 2684, 2685, 2759, 2758, 2685, 2686, 2760, 2759, 2686, 2687, 2761, 2760, 2687, 2688, 2762, 2761, 2688, 2689, 2763, 2762, 2689, 2690, 2764, 2763, 2690, 2691, 2765, 2764, 2691, 2692, 2766, 2765, 2692, 2693, 2767, 2766, 2693, 2694, 2768, 2767, 2694, 2695, 2769, 2768, 2695, 2696, 2770, 2769, 2696, 2697, 2771, 2770, 2697, 2698, 2772, 2771, 2698, 2699, 2773, 2772, 2699, 2700, 2774, 2773, 2700, 2701, 2775, 2774, 2701, 2702, 2776, 2775, 2702, 2703, 2777, 2776, 2703, 2704, 2778, 2777, 2704, 2705, 2779, 2778, 2705, 2706, 2780, 2779, 2706, 2707, 2781, 2780, 2707, 2708, 2782, 2781, 2708, 2709, 2783, 2782, 2709, 2710, 2784, 2783, 2710, 2711, 2785, 2784, 2711, 2712, 2786, 2785, 2712, 2713, 2787, 2786, 2713, 2714, 2788, 2787, 2714, 2715, 2789, 2788, 2715, 2716, 2790, 2789, 2716, 2717, 2791, 2790, 2717, 2718, 2792, 2791, 2718, 2719, 2793, 2792, 2719, 2720, 2794, 2793, 2720, 2721, 2795, 2794, 2721, 2722, 2796, 2795, 2722, 2723, 2797, 2796, 2723, 2724, 2798, 2797, 2724, 2725, 2799, 2798, 2725, 2726, 2800, 2799, 2726, 2727, 2801, 2800, 2727, 2728, 2802, 2801, 2728, 2729, 2803, 2802, 2729, 2730, 2804, 2803, 2730, 2731, 2805, 2804, 2731, 2732, 2806, 2805, 2732, 2733, 2807, 2806, 2733, 2734, 2808, 2807, 2734, 2735, 2809, 2808, 2735, 2736, 2810, 2809, 2736, 2737, 2811, 2810, 2738, 2739, 2813, 2812, 2739, 2740, 2814, 2813, 2740, 2741, 2815, 2814, 2741, 2742, 2816, 2815, 2742, 2743, 2817, 2816, 2743, 2744, 2818, 2817, 2744, 2745, 2819, 2818, 2745, 2746, 2820, 2819, 2746, 2747, 2821, 2820, 2747, 2748, 2822, 2821, 2748, 2749, 2823, 2822, 2749, 2750, 2824, 2823, 2750, 2751, 2825, 2824, 2751, 2752, 2826, 2825, 2752, 2753, 2827, 2826, 2753, 2754, 2828, 2827, 2754, 2755, 2829, 2828, 2755, 2756, 2830, 2829, 2756, 2757, 2831, 2830, 2757, 2758, 2832, 2831, 2758, 2759, 2833, 2832, 2759, 2760, 2834, 2833, 2760, 2761, 2835, 2834, 2761, 2762, 2836, 2835, 2762, 2763, 2837, 2836, 2763, 2764, 2838, 2837, 2764, 2765, 2839, 2838, 2765, 2766, 2840, 2839, 2766, 2767, 2841, 2840, 2767, 2768, 2842, 2841, 2768, 2769, 2843, 2842, 2769, 2770, 2844, 2843, 2770, 2771, 2845, 2844, 2771, 2772, 2846, 2845, 2772, 2773, 2847, 2846, 2773, 2774, 2848, 2847, 2774, 2775, 2849, 2848, 2775, 2776, 2850, 2849, 2776, 2777, 2851, 2850, 2777, 2778, 2852, 2851, 2778, 2779, 2853, 2852, 2779, 2780, 2854, 2853, 2780, 2781, 2855, 2854, 2781, 2782, 2856, 2855, 2782, 2783, 2857, 2856, 2783, 2784, 2858, 2857, 2784, 2785, 2859, 2858, 2785, 2786, 2860, 2859, 2786, 2787, 2861, 2860, 2787, 2788, 2862, 2861, 2788, 2789, 2863, 2862, 2789, 2790, 2864, 2863, 2790, 2791, 2865, 2864, 2791, 2792, 2866, 2865, 2792, 2793, 2867, 2866, 2793, 2794, 2868, 2867, 2794, 2795, 2869, 2868, 2795, 2796, 2870, 2869, 2796, 2797, 2871, 2870, 2797, 2798, 2872, 2871, 2798, 2799, 2873, 2872, 2799, 2800, 2874, 2873, 2800, 2801, 2875, 2874, 2801, 2802, 2876, 2875, 2802, 2803, 2877, 2876, 2803, 2804, 2878, 2877, 2804, 2805, 2879, 2878, 2805, 2806, 2880, 2879, 2806, 2807, 2881, 2880, 2807, 2808, 2882, 2881, 2808, 2809, 2883, 2882, 2809, 2810, 2884, 2883, 2810, 2811, 2885, 2884, 2812, 2813, 2887, 2886, 2813, 2814, 2888, 2887, 2814, 2815, 2889, 2888, 2815, 2816, 2890, 2889, 2816, 2817, 2891, 2890, 2817, 2818, 2892, 2891, 2818, 2819, 2893, 2892, 2819, 2820, 2894, 2893, 2820, 2821, 2895, 2894, 2821, 2822, 2896, 2895, 2822, 2823, 2897, 2896, 2823, 2824, 2898, 2897, 2824, 2825, 2899, 2898, 2825, 2826, 2900, 2899, 2826, 2827, 2901, 2900, 2827, 2828, 2902, 2901, 2828, 2829, 2903, 2902, 2829, 2830, 2904, 2903, 2830, 2831, 2905, 2904, 2831, 2832, 2906, 2905, 2832, 2833, 2907, 2906, 2833, 2834, 2908, 2907, 2834, 2835, 2909, 2908, 2835, 2836, 2910, 2909, 2836, 2837, 2911, 2910, 2837, 2838, 2912, 2911, 2838, 2839, 2913, 2912, 2839, 2840, 2914, 2913, 2840, 2841, 2915, 2914, 2841, 2842, 2916, 2915, 2842, 2843, 2917, 2916, 2843, 2844, 2918, 2917, 2844, 2845, 2919, 2918, 2845, 2846, 2920, 2919, 2846, 2847, 2921, 2920, 2847, 2848, 2922, 2921, 2848, 2849, 2923, 2922, 2849, 2850, 2924, 2923, 2850, 2851, 2925, 2924, 2851, 2852, 2926, 2925, 2852, 2853, 2927, 2926, 2853, 2854, 2928, 2927, 2854, 2855, 2929, 2928, 2855, 2856, 2930, 2929, 2856, 2857, 2931, 2930, 2857, 2858, 2932, 2931, 2858, 2859, 2933, 2932, 2859, 2860, 2934, 2933, 2860, 2861, 2935, 2934, 2861, 2862, 2936, 2935, 2862, 2863, 2937, 2936, 2863, 2864, 2938, 2937, 2864, 2865, 2939, 2938, 2865, 2866, 2940, 2939, 2866, 2867, 2941, 2940, 2867, 2868, 2942, 2941, 2868, 2869, 2943, 2942, 2869, 2870, 2944, 2943, 2870, 2871, 2945, 2944, 2871, 2872, 2946, 2945, 2872, 2873, 2947, 2946, 2873, 2874, 2948, 2947, 2874, 2875, 2949, 2948, 2875, 2876, 2950, 2949, 2876, 2877, 2951, 2950, 2877, 2878, 2952, 2951, 2878, 2879, 2953, 2952, 2879, 2880, 2954, 2953, 2880, 2881, 2955, 2954, 2881, 2882, 2956, 2955, 2882, 2883, 2957, 2956, 2883, 2884, 2958, 2957, 2884, 2885, 2959, 2958, 2886, 2887, 2961, 2960, 2887, 2888, 2962, 2961, 2888, 2889, 2963, 2962, 2889, 2890, 2964, 2963, 2890, 2891, 2965, 2964, 2891, 2892, 2966, 2965, 2892, 2893, 2967, 2966, 2893, 2894, 2968, 2967, 2894, 2895, 2969, 2968, 2895, 2896, 2970, 2969, 2896, 2897, 2971, 2970, 2897, 2898, 2972, 2971, 2898, 2899, 2973, 2972, 2899, 2900, 2974, 2973, 2900, 2901, 2975, 2974, 2901, 2902, 2976, 2975, 2902, 2903, 2977, 2976, 2903, 2904, 2978, 2977, 2904, 2905, 2979, 2978, 2905, 2906, 2980, 2979, 2906, 2907, 2981, 2980, 2907, 2908, 2982, 2981, 2908, 2909, 2983, 2982, 2909, 2910, 2984, 2983, 2910, 2911, 2985, 2984, 2911, 2912, 2986, 2985, 2912, 2913, 2987, 2986, 2913, 2914, 2988, 2987, 2914, 2915, 2989, 2988, 2915, 2916, 2990, 2989, 2916, 2917, 2991, 2990, 2917, 2918, 2992, 2991, 2918, 2919, 2993, 2992, 2919, 2920, 2994, 2993, 2920, 2921, 2995, 2994, 2921, 2922, 2996, 2995, 2922, 2923, 2997, 2996, 2923, 2924, 2998, 2997, 2924, 2925, 2999, 2998, 2925, 2926, 3000, 2999, 2926, 2927, 3001, 3000, 2927, 2928, 3002, 3001, 2928, 2929, 3003, 3002, 2929, 2930, 3004, 3003, 2930, 2931, 3005, 3004, 2931, 2932, 3006, 3005, 2932, 2933, 3007, 3006, 2933, 2934, 3008, 3007, 2934, 2935, 3009, 3008, 2935, 2936, 3010, 3009, 2936, 2937, 3011, 3010, 2937, 2938, 3012, 3011, 2938, 2939, 3013, 3012, 2939, 2940, 3014, 3013, 2940, 2941, 3015, 3014, 2941, 2942, 3016, 3015, 2942, 2943, 3017, 3016, 2943, 2944, 3018, 3017, 2944, 2945, 3019, 3018, 2945, 2946, 3020, 3019, 2946, 2947, 3021, 3020, 2947, 2948, 3022, 3021, 2948, 2949, 3023, 3022, 2949, 2950, 3024, 3023, 2950, 2951, 3025, 3024, 2951, 2952, 3026, 3025, 2952, 2953, 3027, 3026, 2953, 2954, 3028, 3027, 2954, 2955, 3029, 3028, 2955, 2956, 3030, 3029, 2956, 2957, 3031, 3030, 2957, 2958, 3032, 3031, 2958, 2959, 3033, 3032, 2960, 2961, 3035, 3034, 2961, 2962, 3036, 3035, 2962, 2963, 3037, 3036, 2963, 2964, 3038, 3037, 2964, 2965, 3039, 3038, 2965, 2966, 3040, 3039, 2966, 2967, 3041, 3040, 2967, 2968, 3042, 3041, 2968, 2969, 3043, 3042, 2969, 2970, 3044, 3043, 2970, 2971, 3045, 3044, 2971, 2972, 3046, 3045, 2972, 2973, 3047, 3046, 2973, 2974, 3048, 3047, 2974, 2975, 3049, 3048, 2975, 2976, 3050, 3049, 2976, 2977, 3051, 3050, 2977, 2978, 3052, 3051, 2978, 2979, 3053, 3052, 2979, 2980, 3054, 3053, 2980, 2981, 3055, 3054, 2981, 2982, 3056, 3055, 2982, 2983, 3057, 3056, 2983, 2984, 3058, 3057, 2984, 2985, 3059, 3058, 2985, 2986, 3060, 3059, 2986, 2987, 3061, 3060, 2987, 2988, 3062, 3061, 2988, 2989, 3063, 3062, 2989, 2990, 3064, 3063, 2990, 2991, 3065, 3064, 2991, 2992, 3066, 3065, 2992, 2993, 3067, 3066, 2993, 2994, 3068, 3067, 2994, 2995, 3069, 3068, 2995, 2996, 3070, 3069, 2996, 2997, 3071, 3070, 2997, 2998, 3072, 3071, 2998, 2999, 3073, 3072, 2999, 3000, 3074, 3073, 3000, 3001, 3075, 3074, 3001, 3002, 3076, 3075, 3002, 3003, 3077, 3076, 3003, 3004, 3078, 3077, 3004, 3005, 3079, 3078, 3005, 3006, 3080, 3079, 3006, 3007, 3081, 3080, 3007, 3008, 3082, 3081, 3008, 3009, 3083, 3082, 3009, 3010, 3084, 3083, 3010, 3011, 3085, 3084, 3011, 3012, 3086, 3085, 3012, 3013, 3087, 3086, 3013, 3014, 3088, 3087, 3014, 3015, 3089, 3088, 3015, 3016, 3090, 3089, 3016, 3017, 3091, 3090, 3017, 3018, 3092, 3091, 3018, 3019, 3093, 3092, 3019, 3020, 3094, 3093, 3020, 3021, 3095, 3094, 3021, 3022, 3096, 3095, 3022, 3023, 3097, 3096, 3023, 3024, 3098, 3097, 3024, 3025, 3099, 3098, 3025, 3026, 3100, 3099, 3026, 3027, 3101, 3100, 3027, 3028, 3102, 3101, 3028, 3029, 3103, 3102, 3029, 3030, 3104, 3103, 3030, 3031, 3105, 3104, 3031, 3032, 3106, 3105, 3032, 3033, 3107, 3106, 3034, 3035, 3109, 3108, 3035, 3036, 3110, 3109, 3036, 3037, 3111, 3110, 3037, 3038, 3112, 3111, 3038, 3039, 3113, 3112, 3039, 3040, 3114, 3113, 3040, 3041, 3115, 3114, 3041, 3042, 3116, 3115, 3042, 3043, 3117, 3116, 3043, 3044, 3118, 3117, 3044, 3045, 3119, 3118, 3045, 3046, 3120, 3119, 3046, 3047, 3121, 3120, 3047, 3048, 3122, 3121, 3048, 3049, 3123, 3122, 3049, 3050, 3124, 3123, 3050, 3051, 3125, 3124, 3051, 3052, 3126, 3125, 3052, 3053, 3127, 3126, 3053, 3054, 3128, 3127, 3054, 3055, 3129, 3128, 3055, 3056, 3130, 3129, 3056, 3057, 3131, 3130, 3057, 3058, 3132, 3131, 3058, 3059, 3133, 3132, 3059, 3060, 3134, 3133, 3060, 3061, 3135, 3134, 3061, 3062, 3136, 3135, 3062, 3063, 3137, 3136, 3063, 3064, 3138, 3137, 3064, 3065, 3139, 3138, 3065, 3066, 3140, 3139, 3066, 3067, 3141, 3140, 3067, 3068, 3142, 3141, 3068, 3069, 3143, 3142, 3069, 3070, 3144, 3143, 3070, 3071, 3145, 3144, 3071, 3072, 3146, 3145, 3072, 3073, 3147, 3146, 3073, 3074, 3148, 3147, 3074, 3075, 3149, 3148, 3075, 3076, 3150, 3149, 3076, 3077, 3151, 3150, 3077, 3078, 3152, 3151, 3078, 3079, 3153, 3152, 3079, 3080, 3154, 3153, 3080, 3081, 3155, 3154, 3081, 3082, 3156, 3155, 3082, 3083, 3157, 3156, 3083, 3084, 3158, 3157, 3084, 3085, 3159, 3158, 3085, 3086, 3160, 3159, 3086, 3087, 3161, 3160, 3087, 3088, 3162, 3161, 3088, 3089, 3163, 3162, 3089, 3090, 3164, 3163, 3090, 3091, 3165, 3164, 3091, 3092, 3166, 3165, 3092, 3093, 3167, 3166, 3093, 3094, 3168, 3167, 3094, 3095, 3169, 3168, 3095, 3096, 3170, 3169, 3096, 3097, 3171, 3170, 3097, 3098, 3172, 3171, 3098, 3099, 3173, 3172, 3099, 3100, 3174, 3173, 3100, 3101, 3175, 3174, 3101, 3102, 3176, 3175, 3102, 3103, 3177, 3176, 3103, 3104, 3178, 3177, 3104, 3105, 3179, 3178, 3105, 3106, 3180, 3179, 3106, 3107, 3181, 3180, 3108, 3109, 3183, 3182, 3109, 3110, 3184, 3183, 3110, 3111, 3185, 3184, 3111, 3112, 3186, 3185, 3112, 3113, 3187, 3186, 3113, 3114, 3188, 3187, 3114, 3115, 3189, 3188, 3115, 3116, 3190, 3189, 3116, 3117, 3191, 3190, 3117, 3118, 3192, 3191, 3118, 3119, 3193, 3192, 3119, 3120, 3194, 3193, 3120, 3121, 3195, 3194, 3121, 3122, 3196, 3195, 3122, 3123, 3197, 3196, 3123, 3124, 3198, 3197, 3124, 3125, 3199, 3198, 3125, 3126, 3200, 3199, 3126, 3127, 3201, 3200, 3127, 3128, 3202, 3201, 3128, 3129, 3203, 3202, 3129, 3130, 3204, 3203, 3130, 3131, 3205, 3204, 3131, 3132, 3206, 3205, 3132, 3133, 3207, 3206, 3133, 3134, 3208, 3207, 3134, 3135, 3209, 3208, 3135, 3136, 3210, 3209, 3136, 3137, 3211, 3210, 3137, 3138, 3212, 3211, 3138, 3139, 3213, 3212, 3139, 3140, 3214, 3213, 3140, 3141, 3215, 3214, 3141, 3142, 3216, 3215, 3142, 3143, 3217, 3216, 3143, 3144, 3218, 3217, 3144, 3145, 3219, 3218, 3145, 3146, 3220, 3219, 3146, 3147, 3221, 3220, 3147, 3148, 3222, 3221, 3148, 3149, 3223, 3222, 3149, 3150, 3224, 3223, 3150, 3151, 3225, 3224, 3151, 3152, 3226, 3225, 3152, 3153, 3227, 3226, 3153, 3154, 3228, 3227, 3154, 3155, 3229, 3228, 3155, 3156, 3230, 3229, 3156, 3157, 3231, 3230, 3157, 3158, 3232, 3231, 3158, 3159, 3233, 3232, 3159, 3160, 3234, 3233, 3160, 3161, 3235, 3234, 3161, 3162, 3236, 3235, 3162, 3163, 3237, 3236, 3163, 3164, 3238, 3237, 3164, 3165, 3239, 3238, 3165, 3166, 3240, 3239, 3166, 3167, 3241, 3240, 3167, 3168, 3242, 3241, 3168, 3169, 3243, 3242, 3169, 3170, 3244, 3243, 3170, 3171, 3245, 3244, 3171, 3172, 3246, 3245, 3172, 3173, 3247, 3246, 3173, 3174, 3248, 3247, 3174, 3175, 3249, 3248, 3175, 3176, 3250, 3249, 3176, 3177, 3251, 3250, 3177, 3178, 3252, 3251, 3178, 3179, 3253, 3252, 3179, 3180, 3254, 3253, 3180, 3181, 3255, 3254, 3182, 3183, 3257, 3256, 3183, 3184, 3258, 3257, 3184, 3185, 3259, 3258, 3185, 3186, 3260, 3259, 3186, 3187, 3261, 3260, 3187, 3188, 3262, 3261, 3188, 3189, 3263, 3262, 3189, 3190, 3264, 3263, 3190, 3191, 3265, 3264, 3191, 3192, 3266, 3265, 3192, 3193, 3267, 3266, 3193, 3194, 3268, 3267, 3194, 3195, 3269, 3268, 3195, 3196, 3270, 3269, 3196, 3197, 3271, 3270, 3197, 3198, 3272, 3271, 3198, 3199, 3273, 3272, 3199, 3200, 3274, 3273, 3200, 3201, 3275, 3274, 3201, 3202, 3276, 3275, 3202, 3203, 3277, 3276, 3203, 3204, 3278, 3277, 3204, 3205, 3279, 3278, 3205, 3206, 3280, 3279, 3206, 3207, 3281, 3280, 3207, 3208, 3282, 3281, 3208, 3209, 3283, 3282, 3209, 3210, 3284, 3283, 3210, 3211, 3285, 3284, 3211, 3212, 3286, 3285, 3212, 3213, 3287, 3286, 3213, 3214, 3288, 3287, 3214, 3215, 3289, 3288, 3215, 3216, 3290, 3289, 3216, 3217, 3291, 3290, 3217, 3218, 3292, 3291, 3218, 3219, 3293, 3292, 3219, 3220, 3294, 3293, 3220, 3221, 3295, 3294, 3221, 3222, 3296, 3295, 3222, 3223, 3297, 3296, 3223, 3224, 3298, 3297, 3224, 3225, 3299, 3298, 3225, 3226, 3300, 3299, 3226, 3227, 3301, 3300, 3227, 3228, 3302, 3301, 3228, 3229, 3303, 3302, 3229, 3230, 3304, 3303, 3230, 3231, 3305, 3304, 3231, 3232, 3306, 3305, 3232, 3233, 3307, 3306, 3233, 3234, 3308, 3307, 3234, 3235, 3309, 3308, 3235, 3236, 3310, 3309, 3236, 3237, 3311, 3310, 3237, 3238, 3312, 3311, 3238, 3239, 3313, 3312, 3239, 3240, 3314, 3313, 3240, 3241, 3315, 3314, 3241, 3242, 3316, 3315, 3242, 3243, 3317, 3316, 3243, 3244, 3318, 3317, 3244, 3245, 3319, 3318, 3245, 3246, 3320, 3319, 3246, 3247, 3321, 3320, 3247, 3248, 3322, 3321, 3248, 3249, 3323, 3322, 3249, 3250, 3324, 3323, 3250, 3251, 3325, 3324, 3251, 3252, 3326, 3325, 3252, 3253, 3327, 3326, 3253, 3254, 3328, 3327, 3254, 3255, 3329, 3328, 3256, 3257, 3331, 3330, 3257, 3258, 3332, 3331, 3258, 3259, 3333, 3332, 3259, 3260, 3334, 3333, 3260, 3261, 3335, 3334, 3261, 3262, 3336, 3335, 3262, 3263, 3337, 3336, 3263, 3264, 3338, 3337, 3264, 3265, 3339, 3338, 3265, 3266, 3340, 3339, 3266, 3267, 3341, 3340, 3267, 3268, 3342, 3341, 3268, 3269, 3343, 3342, 3269, 3270, 3344, 3343, 3270, 3271, 3345, 3344, 3271, 3272, 3346, 3345, 3272, 3273, 3347, 3346, 3273, 3274, 3348, 3347, 3274, 3275, 3349, 3348, 3275, 3276, 3350, 3349, 3276, 3277, 3351, 3350, 3277, 3278, 3352, 3351, 3278, 3279, 3353, 3352, 3279, 3280, 3354, 3353, 3280, 3281, 3355, 3354, 3281, 3282, 3356, 3355, 3282, 3283, 3357, 3356, 3283, 3284, 3358, 3357, 3284, 3285, 3359, 3358, 3285, 3286, 3360, 3359, 3286, 3287, 3361, 3360, 3287, 3288, 3362, 3361, 3288, 3289, 3363, 3362, 3289, 3290, 3364, 3363, 3290, 3291, 3365, 3364, 3291, 3292, 3366, 3365, 3292, 3293, 3367, 3366, 3293, 3294, 3368, 3367, 3294, 3295, 3369, 3368, 3295, 3296, 3370, 3369, 3296, 3297, 3371, 3370, 3297, 3298, 3372, 3371, 3298, 3299, 3373, 3372, 3299, 3300, 3374, 3373, 3300, 3301, 3375, 3374, 3301, 3302, 3376, 3375, 3302, 3303, 3377, 3376, 3303, 3304, 3378, 3377, 3304, 3305, 3379, 3378, 3305, 3306, 3380, 3379, 3306, 3307, 3381, 3380, 3307, 3308, 3382, 3381, 3308, 3309, 3383, 3382, 3309, 3310, 3384, 3383, 3310, 3311, 3385, 3384, 3311, 3312, 3386, 3385, 3312, 3313, 3387, 3386, 3313, 3314, 3388, 3387, 3314, 3315, 3389, 3388, 3315, 3316, 3390, 3389, 3316, 3317, 3391, 3390, 3317, 3318, 3392, 3391, 3318, 3319, 3393, 3392, 3319, 3320, 3394, 3393, 3320, 3321, 3395, 3394, 3321, 3322, 3396, 3395, 3322, 3323, 3397, 3396, 3323, 3324, 3398, 3397, 3324, 3325, 3399, 3398, 3325, 3326, 3400, 3399, 3326, 3327, 3401, 3400, 3327, 3328, 3402, 3401, 3328, 3329, 3403, 3402, 3330, 3331, 3405, 3404, 3331, 3332, 3406, 3405, 3332, 3333, 3407, 3406, 3333, 3334, 3408, 3407, 3334, 3335, 3409, 3408, 3335, 3336, 3410, 3409, 3336, 3337, 3411, 3410, 3337, 3338, 3412, 3411, 3338, 3339, 3413, 3412, 3339, 3340, 3414, 3413, 3340, 3341, 3415, 3414, 3341, 3342, 3416, 3415, 3342, 3343, 3417, 3416, 3343, 3344, 3418, 3417, 3344, 3345, 3419, 3418, 3345, 3346, 3420, 3419, 3346, 3347, 3421, 3420, 3347, 3348, 3422, 3421, 3348, 3349, 3423, 3422, 3349, 3350, 3424, 3423, 3350, 3351, 3425, 3424, 3351, 3352, 3426, 3425, 3352, 3353, 3427, 3426, 3353, 3354, 3428, 3427, 3354, 3355, 3429, 3428, 3355, 3356, 3430, 3429, 3356, 3357, 3431, 3430, 3357, 3358, 3432, 3431, 3358, 3359, 3433, 3432, 3359, 3360, 3434, 3433, 3360, 3361, 3435, 3434, 3361, 3362, 3436, 3435, 3362, 3363, 3437, 3436, 3363, 3364, 3438, 3437, 3364, 3365, 3439, 3438, 3365, 3366, 3440, 3439, 3366, 3367, 3441, 3440, 3367, 3368, 3442, 3441, 3368, 3369, 3443, 3442, 3369, 3370, 3444, 3443, 3370, 3371, 3445, 3444, 3371, 3372, 3446, 3445, 3372, 3373, 3447, 3446, 3373, 3374, 3448, 3447, 3374, 3375, 3449, 3448, 3375, 3376, 3450, 3449, 3376, 3377, 3451, 3450, 3377, 3378, 3452, 3451, 3378, 3379, 3453, 3452, 3379, 3380, 3454, 3453, 3380, 3381, 3455, 3454, 3381, 3382, 3456, 3455, 3382, 3383, 3457, 3456, 3383, 3384, 3458, 3457, 3384, 3385, 3459, 3458, 3385, 3386, 3460, 3459, 3386, 3387, 3461, 3460, 3387, 3388, 3462, 3461, 3388, 3389, 3463, 3462, 3389, 3390, 3464, 3463, 3390, 3391, 3465, 3464, 3391, 3392, 3466, 3465, 3392, 3393, 3467, 3466, 3393, 3394, 3468, 3467, 3394, 3395, 3469, 3468, 3395, 3396, 3470, 3469, 3396, 3397, 3471, 3470, 3397, 3398, 3472, 3471, 3398, 3399, 3473, 3472, 3399, 3400, 3474, 3473, 3400, 3401, 3475, 3474, 3401, 3402, 3476, 3475, 3402, 3403, 3477, 3476]
        uniform token subdivisionScheme = "none"
        color3f[] primvars:displayColor = [(0.30, 0.36, 0.22)]
        uniform token primvars:displayColor:interpolation = "constant"
    }
}
